sensor_id;sensor_type;location;lat;lon;timestamp;P1;P2;P0
43479;PMS5003;29067;35.492;-97.520;2021-03-03T00:00:43;2;2;
43479;PMS5003;29067;35.492;-97.520;2021-03-03T00:03:12;1;1;
43479;PMS5003;29067;35.492;-97.520;2021-03-03T00:05:41;1;1;
43479;PMS5003;29067;35.492;-97.520;2021-03-03T00:08:10;4;3;
43479;PMS5003;29067;35.492;-97.520;2021-03-03T00:10:38;2;2;
43479;PMS5003;29067;35.492;-97.520;2021-03-03T00:13:07;8;8;
43479;PMS5003;29067;35.492;-97.520;2021-03-03T00:15:36;1;1;
43479;PMS5003;29067;35.492;-97.520;2021-03-03T00:18:04;2;2;
43479;PMS5003;29067;35.492;-97.520;2021-03-03T00:20:32;2;1;
43479;PMS5003;29067;35.492;-97.520;2021-03-03T00:23:01;2;2;
43479;PMS5003;29067;35.492;-97.520;2021-03-03T00:25:30;2;2;
43479;PMS5003;29067;35.492;-97.520;2021-03-03T00:27:58;1;1;
43479;PMS5003;29067;35.492;-97.520;2021-03-03T00:30:27;4;3;
43479;PMS5003;29067;35.492;-97.520;2021-03-03T00:32:56;3;3;
43479;PMS5003;29067;35.492;-97.520;2021-03-03T00:35:24;3;3;
43479;PMS5003;29067;35.492;-97.520;2021-03-03T00:37:53;3;2;
43479;PMS5003;29067;35.492;-97.520;2021-03-03T00:40:21;2;2;
43479;PMS5003;29067;35.492;-97.520;2021-03-03T00:42:49;3;1;
43479;PMS5003;29067;35.492;-97.520;2021-03-03T00:45:18;2;2;
43479;PMS5003;29067;35.492;-97.520;2021-03-03T00:47:46;3;2;
43479;PMS5003;29067;35.492;-97.520;2021-03-03T00:50:15;3;3;
43479;PMS5003;29067;35.492;-97.520;2021-03-03T00:52:43;2;2;
43479;PMS5003;29067;35.492;-97.520;2021-03-03T00:55:12;3;1;
43479;PMS5003;29067;35.492;-97.520;2021-03-03T00:57:41;1;1;
43479;PMS5003;29067;35.492;-97.520;2021-03-03T01:00:10;4;2;
43479;PMS5003;29067;35.492;-97.520;2021-03-03T01:02:39;2;2;
43479;PMS5003;29067;35.492;-97.520;2021-03-03T01:05:08;2;2;
43479;PMS5003;29067;35.492;-97.520;2021-03-03T01:07:37;2;2;
43479;PMS5003;29067;35.492;-97.520;2021-03-03T01:10:10;1;1;
43479;PMS5003;29067;35.492;-97.520;2021-03-03T01:12:39;4;1;
43479;PMS5003;29067;35.492;-97.520;2021-03-03T01:15:08;2;2;
43479;PMS5003;29067;35.492;-97.520;2021-03-03T01:17:38;1;1;
43479;PMS5003;29067;35.492;-97.520;2021-03-03T01:20:07;2;2;
43479;PMS5003;29067;35.492;-97.520;2021-03-03T01:22:35;2;2;
43479;PMS5003;29067;35.492;-97.520;2021-03-03T01:25:04;3;2;
43479;PMS5003;29067;35.492;-97.520;2021-03-03T01:27:34;2;2;
43479;PMS5003;29067;35.492;-97.520;2021-03-03T01:30:02;2;2;
43479;PMS5003;29067;35.492;-97.520;2021-03-03T01:32:37;1;1;
43479;PMS5003;29067;35.492;-97.520;2021-03-03T01:35:10;1;1;
43479;PMS5003;29067;35.492;-97.520;2021-03-03T01:37:39;1;1;
43479;PMS5003;29067;35.492;-97.520;2021-03-03T01:40:08;0;0;
43479;PMS5003;29067;35.492;-97.520;2021-03-03T01:42:37;1;1;
43479;PMS5003;29067;35.492;-97.520;2021-03-03T01:45:06;1;1;
43479;PMS5003;29067;35.492;-97.520;2021-03-03T01:47:35;2;2;
43479;PMS5003;29067;35.492;-97.520;2021-03-03T01:50:05;2;2;
43479;PMS5003;29067;35.492;-97.520;2021-03-03T01:52:36;2;2;
43479;PMS5003;29067;35.492;-97.520;2021-03-03T01:55:07;2;2;
43479;PMS5003;29067;35.492;-97.520;2021-03-03T01:57:40;3;3;
43479;PMS5003;29067;35.492;-97.520;2021-03-03T02:00:10;2;2;
43479;PMS5003;29067;35.492;-97.520;2021-03-03T02:02:39;4;3;
43479;PMS5003;29067;35.492;-97.520;2021-03-03T02:05:14;5;4;
43479;PMS5003;29067;35.492;-97.520;2021-03-03T02:07:45;5;5;
43479;PMS5003;29067;35.492;-97.520;2021-03-03T02:10:22;4;3;
43479;PMS5003;29067;35.492;-97.520;2021-03-03T02:13:00;5;5;
43479;PMS5003;29067;35.492;-97.520;2021-03-03T02:15:35;4;4;
43479;PMS5003;29067;35.492;-97.520;2021-03-03T02:18:07;4;4;
43479;PMS5003;29067;35.492;-97.520;2021-03-03T02:20:46;4;4;
43479;PMS5003;29067;35.492;-97.520;2021-03-03T02:23:24;7;6;
43479;PMS5003;29067;35.492;-97.520;2021-03-03T02:26:04;5;5;
43479;PMS5003;29067;35.492;-97.520;2021-03-03T02:28:33;5;5;
43479;PMS5003;29067;35.492;-97.520;2021-03-03T02:31:02;5;5;
43479;PMS5003;29067;35.492;-97.520;2021-03-03T02:33:32;5;5;
43479;PMS5003;29067;35.492;-97.520;2021-03-03T02:36:01;6;6;
43479;PMS5003;29067;35.492;-97.520;2021-03-03T02:38:30;6;6;
43479;PMS5003;29067;35.492;-97.520;2021-03-03T02:40:59;10;9;
43479;PMS5003;29067;35.492;-97.520;2021-03-03T02:43:27;13;12;
43479;PMS5003;29067;35.492;-97.520;2021-03-03T02:45:56;24;24;
43479;PMS5003;29067;35.492;-97.520;2021-03-03T02:48:25;14;13;
43479;PMS5003;29067;35.492;-97.520;2021-03-03T02:50:54;13;13;
43479;PMS5003;29067;35.492;-97.520;2021-03-03T02:53:27;9;9;
43479;PMS5003;29067;35.492;-97.520;2021-03-03T02:55:56;9;8;
43479;PMS5003;29067;35.492;-97.520;2021-03-03T02:58:24;5;4;
43479;PMS5003;29067;35.492;-97.520;2021-03-03T03:00:53;8;7;
43479;PMS5003;29067;35.492;-97.520;2021-03-03T03:03:26;6;6;
43479;PMS5003;29067;35.492;-97.520;2021-03-03T03:05:59;4;4;
43479;PMS5003;29067;35.492;-97.520;2021-03-03T03:08:31;5;5;
43479;PMS5003;29067;35.492;-97.520;2021-03-03T03:11:01;4;4;
43479;PMS5003;29067;35.492;-97.520;2021-03-03T03:13:30;6;5;
43479;PMS5003;29067;35.492;-97.520;2021-03-03T03:16:00;5;4;
43479;PMS5003;29067;35.492;-97.520;2021-03-03T03:18:31;5;5;
43479;PMS5003;29067;35.492;-97.520;2021-03-03T03:21:03;3;3;
43479;PMS5003;29067;35.492;-97.520;2021-03-03T03:23:34;4;4;
43479;PMS5003;29067;35.492;-97.520;2021-03-03T03:26:04;3;3;
43479;PMS5003;29067;35.492;-97.520;2021-03-03T03:28:35;5;4;
43479;PMS5003;29067;35.492;-97.520;2021-03-03T03:31:04;6;4;
43479;PMS5003;29067;35.492;-97.520;2021-03-03T03:33:33;5;5;
43479;PMS5003;29067;35.492;-97.520;2021-03-03T03:36:03;5;5;
43479;PMS5003;29067;35.492;-97.520;2021-03-03T03:38:38;3;3;
43479;PMS5003;29067;35.492;-97.520;2021-03-03T03:41:07;5;4;
43479;PMS5003;29067;35.492;-97.520;2021-03-03T03:43:36;3;3;
43479;PMS5003;29067;35.492;-97.520;2021-03-03T03:46:07;5;5;
43479;PMS5003;29067;35.492;-97.520;2021-03-03T03:48:41;3;3;
43479;PMS5003;29067;35.492;-97.520;2021-03-03T03:51:10;4;3;
43479;PMS5003;29067;35.492;-97.520;2021-03-03T03:53:38;3;3;
43479;PMS5003;29067;35.492;-97.520;2021-03-03T03:56:07;3;3;
43479;PMS5003;29067;35.492;-97.520;2021-03-03T03:58:36;2;2;
43479;PMS5003;29067;35.492;-97.520;2021-03-03T04:01:05;3;3;
43479;PMS5003;29067;35.492;-97.520;2021-03-03T04:03:35;3;3;
43479;PMS5003;29067;35.492;-97.520;2021-03-03T04:06:03;2;2;
43479;PMS5003;29067;35.492;-97.520;2021-03-03T04:08:37;2;2;
43479;PMS5003;29067;35.492;-97.520;2021-03-03T04:11:05;2;2;
43479;PMS5003;29067;35.492;-97.520;2021-03-03T04:13:34;2;2;
43479;PMS5003;29067;35.492;-97.520;2021-03-03T04:16:02;2;2;
43479;PMS5003;29067;35.492;-97.520;2021-03-03T04:18:36;2;2;
43479;PMS5003;29067;35.492;-97.520;2021-03-03T04:21:10;3;2;
43479;PMS5003;29067;35.492;-97.520;2021-03-03T04:23:38;3;2;
43479;PMS5003;29067;35.492;-97.520;2021-03-03T04:26:06;3;2;
43479;PMS5003;29067;35.492;-97.520;2021-03-03T04:28:35;2;2;
43479;PMS5003;29067;35.492;-97.520;2021-03-03T04:31:04;3;2;
43479;PMS5003;29067;35.492;-97.520;2021-03-03T04:33:32;2;2;
43479;PMS5003;29067;35.492;-97.520;2021-03-03T04:36:00;3;2;
43479;PMS5003;29067;35.492;-97.520;2021-03-03T04:38:28;2;2;
43479;PMS5003;29067;35.492;-97.520;2021-03-03T04:41:02;2;2;
43479;PMS5003;29067;35.492;-97.520;2021-03-03T04:43:31;2;2;
43479;PMS5003;29067;35.492;-97.520;2021-03-03T04:45:59;3;3;
43479;PMS5003;29067;35.492;-97.520;2021-03-03T04:48:27;3;3;
43479;PMS5003;29067;35.492;-97.520;2021-03-03T04:50:56;3;3;
43479;PMS5003;29067;35.492;-97.520;2021-03-03T04:53:25;3;3;
43479;PMS5003;29067;35.492;-97.520;2021-03-03T04:55:52;2;2;
43479;PMS5003;29067;35.492;-97.520;2021-03-03T04:58:26;4;4;
43479;PMS5003;29067;35.492;-97.520;2021-03-03T05:00:55;3;3;
43479;PMS5003;29067;35.492;-97.520;2021-03-03T05:03:23;5;4;
43479;PMS5003;29067;35.492;-97.520;2021-03-03T05:05:52;3;3;
43479;PMS5003;29067;35.492;-97.520;2021-03-03T05:08:21;3;3;
43479;PMS5003;29067;35.492;-97.520;2021-03-03T05:10:54;3;3;
43479;PMS5003;29067;35.492;-97.520;2021-03-03T05:13:23;2;2;
43479;PMS5003;29067;35.492;-97.520;2021-03-03T05:15:58;2;2;
43479;PMS5003;29067;35.492;-97.520;2021-03-03T05:18:26;3;2;
43479;PMS5003;29067;35.492;-97.520;2021-03-03T05:20:56;3;3;
43479;PMS5003;29067;35.492;-97.520;2021-03-03T05:23:27;3;2;
43479;PMS5003;29067;35.492;-97.520;2021-03-03T05:26:01;4;3;
43479;PMS5003;29067;35.492;-97.520;2021-03-03T05:28:31;3;2;
43479;PMS5003;29067;35.492;-97.520;2021-03-03T05:31:06;3;3;
43479;PMS5003;29067;35.492;-97.520;2021-03-03T05:33:34;2;2;
43479;PMS5003;29067;35.492;-97.520;2021-03-03T05:36:04;3;3;
43479;PMS5003;29067;35.492;-97.520;2021-03-03T05:38:33;2;2;
43479;PMS5003;29067;35.492;-97.520;2021-03-03T05:41:05;2;2;
43479;PMS5003;29067;35.492;-97.520;2021-03-03T05:43:35;2;2;
43479;PMS5003;29067;35.492;-97.520;2021-03-03T05:46:05;2;2;
43479;PMS5003;29067;35.492;-97.520;2021-03-03T05:48:37;3;2;
43479;PMS5003;29067;35.492;-97.520;2021-03-03T05:51:08;4;3;
43479;PMS5003;29067;35.492;-97.520;2021-03-03T05:53:38;2;2;
43479;PMS5003;29067;35.492;-97.520;2021-03-03T05:56:07;3;2;
43479;PMS5003;29067;35.492;-97.520;2021-03-03T05:58:37;2;2;
43479;PMS5003;29067;35.492;-97.520;2021-03-03T06:01:07;2;2;
43479;PMS5003;29067;35.492;-97.520;2021-03-03T06:03:37;2;2;
43479;PMS5003;29067;35.492;-97.520;2021-03-03T06:06:06;1;1;
43479;PMS5003;29067;35.492;-97.520;2021-03-03T06:08:35;2;2;
43479;PMS5003;29067;35.492;-97.520;2021-03-03T06:11:04;3;3;
43479;PMS5003;29067;35.492;-97.520;2021-03-03T06:13:32;3;3;
43479;PMS5003;29067;35.492;-97.520;2021-03-03T06:16:01;2;2;
43479;PMS5003;29067;35.492;-97.520;2021-03-03T06:18:35;2;1;
43479;PMS5003;29067;35.492;-97.520;2021-03-03T06:21:05;2;2;
43479;PMS5003;29067;35.492;-97.520;2021-03-03T06:23:57;4;4;
43479;PMS5003;29067;35.492;-97.520;2021-03-03T06:26:27;3;2;
43479;PMS5003;29067;35.492;-97.520;2021-03-03T06:28:55;2;2;
43479;PMS5003;29067;35.492;-97.520;2021-03-03T06:31:25;3;3;
43479;PMS5003;29067;35.492;-97.520;2021-03-03T06:34:13;2;2;
43479;PMS5003;29067;35.492;-97.520;2021-03-03T06:36:47;2;2;
43479;PMS5003;29067;35.492;-97.520;2021-03-03T06:39:26;2;2;
43479;PMS5003;29067;35.492;-97.520;2021-03-03T06:42:00;2;2;
43479;PMS5003;29067;35.492;-97.520;2021-03-03T06:44:44;3;2;
43479;PMS5003;29067;35.492;-97.520;2021-03-03T06:47:19;1;1;
43479;PMS5003;29067;35.492;-97.520;2021-03-03T06:49:49;3;2;
43479;PMS5003;29067;35.492;-97.520;2021-03-03T06:52:36;5;4;
43479;PMS5003;29067;35.492;-97.520;2021-03-03T06:55:06;6;5;
43479;PMS5003;29067;35.492;-97.520;2021-03-03T06:57:35;9;8;
43479;PMS5003;29067;35.492;-97.520;2021-03-03T07:00:05;9;8;
43479;PMS5003;29067;35.492;-97.520;2021-03-03T07:02:38;6;6;
43479;PMS5003;29067;35.492;-97.520;2021-03-03T07:05:08;8;7;
43479;PMS5003;29067;35.492;-97.520;2021-03-03T07:07:37;9;9;
43479;PMS5003;29067;35.492;-97.520;2021-03-03T07:10:06;10;10;
43479;PMS5003;29067;35.492;-97.520;2021-03-03T07:12:46;10;9;
43479;PMS5003;29067;35.492;-97.520;2021-03-03T07:15:15;13;12;
43479;PMS5003;29067;35.492;-97.520;2021-03-03T07:17:44;11;10;
43479;PMS5003;29067;35.492;-97.520;2021-03-03T07:20:13;9;9;
43479;PMS5003;29067;35.492;-97.520;2021-03-03T07:22:45;9;9;
43479;PMS5003;29067;35.492;-97.520;2021-03-03T07:25:15;13;13;
43479;PMS5003;29067;35.492;-97.520;2021-03-03T07:27:50;9;8;
43479;PMS5003;29067;35.492;-97.520;2021-03-03T07:30:20;10;10;
43479;PMS5003;29067;35.492;-97.520;2021-03-03T07:32:50;9;9;
43479;PMS5003;29067;35.492;-97.520;2021-03-03T07:35:19;12;12;
43479;PMS5003;29067;35.492;-97.520;2021-03-03T07:37:48;12;10;
43479;PMS5003;29067;35.492;-97.520;2021-03-03T07:40:18;12;10;
43479;PMS5003;29067;35.492;-97.520;2021-03-03T07:42:51;9;9;
43479;PMS5003;29067;35.492;-97.520;2021-03-03T07:45:20;8;8;
43479;PMS5003;29067;35.492;-97.520;2021-03-03T07:47:53;9;8;
43479;PMS5003;29067;35.492;-97.520;2021-03-03T07:50:23;9;8;
43479;PMS5003;29067;35.492;-97.520;2021-03-03T07:52:53;8;7;
43479;PMS5003;29067;35.492;-97.520;2021-03-03T07:55:24;13;12;
43479;PMS5003;29067;35.492;-97.520;2021-03-03T07:57:54;15;15;
43479;PMS5003;29067;35.492;-97.520;2021-03-03T08:00:27;16;16;
43479;PMS5003;29067;35.492;-97.520;2021-03-03T08:02:58;14;14;
43479;PMS5003;29067;35.492;-97.520;2021-03-03T08:05:27;17;17;
43479;PMS5003;29067;35.492;-97.520;2021-03-03T08:08:19;22;22;
43479;PMS5003;29067;35.492;-97.520;2021-03-03T08:10:49;30;30;
43479;PMS5003;29067;35.492;-97.520;2021-03-03T08:13:31;44;43;
43479;PMS5003;29067;35.492;-97.520;2021-03-03T08:16:01;46;46;
43479;PMS5003;29067;35.492;-97.520;2021-03-03T08:18:31;63;60;
43479;PMS5003;29067;35.492;-97.520;2021-03-03T08:21:01;11;8;
43479;PMS5003;29067;35.492;-97.520;2021-03-03T08:23:51;9;9;
43479;PMS5003;29067;35.492;-97.520;2021-03-03T08:26:53;9;9;
43479;PMS5003;29067;35.492;-97.520;2021-03-03T08:29:23;42;42;
43479;PMS5003;29067;35.492;-97.520;2021-03-03T08:31:52;38;36;
43479;PMS5003;29067;35.492;-97.520;2021-03-03T08:34:53;24;22;
43479;PMS5003;29067;35.492;-97.520;2021-03-03T08:37:29;53;52;
43479;PMS5003;29067;35.492;-97.520;2021-03-03T08:40:00;20;20;
43479;PMS5003;29067;35.492;-97.520;2021-03-03T08:42:31;45;44;
43479;PMS5003;29067;35.492;-97.520;2021-03-03T08:45:09;43;42;
43479;PMS5003;29067;35.492;-97.520;2021-03-03T08:47:47;22;22;
43479;PMS5003;29067;35.492;-97.520;2021-03-03T08:50:35;45;45;
43479;PMS5003;29067;35.492;-97.520;2021-03-03T08:53:24;48;46;
43479;PMS5003;29067;35.492;-97.520;2021-03-03T08:55:56;17;17;
43479;PMS5003;29067;35.492;-97.520;2021-03-03T08:58:59;41;41;
43479;PMS5003;29067;35.492;-97.520;2021-03-03T09:02:01;29;26;
43479;PMS5003;29067;35.492;-97.520;2021-03-03T09:04:31;37;36;
43479;PMS5003;29067;35.492;-97.520;2021-03-03T09:07:03;23;23;
43479;PMS5003;29067;35.492;-97.520;2021-03-03T09:09:34;18;18;
43479;PMS5003;29067;35.492;-97.520;2021-03-03T09:12:06;35;34;
43479;PMS5003;29067;35.492;-97.520;2021-03-03T09:14:37;44;44;
43479;PMS5003;29067;35.492;-97.520;2021-03-03T09:17:08;17;17;
43479;PMS5003;29067;35.492;-97.520;2021-03-03T09:19:39;29;29;
43479;PMS5003;29067;35.492;-97.520;2021-03-03T09:22:18;32;32;
43479;PMS5003;29067;35.492;-97.520;2021-03-03T09:24:48;24;24;
43479;PMS5003;29067;35.492;-97.520;2021-03-03T09:27:21;34;31;
43479;PMS5003;29067;35.492;-97.520;2021-03-03T09:29:51;25;24;
43479;PMS5003;29067;35.492;-97.520;2021-03-03T09:32:19;35;35;
43479;PMS5003;29067;35.492;-97.520;2021-03-03T09:34:48;96;95;
43479;PMS5003;29067;35.492;-97.520;2021-03-03T09:37:33;82;79;
43479;PMS5003;29067;35.492;-97.520;2021-03-03T09:40:04;45;45;
43479;PMS5003;29067;35.492;-97.520;2021-03-03T09:42:40;36;34;
43479;PMS5003;29067;35.492;-97.520;2021-03-03T09:45:10;40;40;
43479;PMS5003;29067;35.492;-97.520;2021-03-03T09:47:43;64;63;
43479;PMS5003;29067;35.492;-97.520;2021-03-03T09:50:12;77;76;
43479;PMS5003;29067;35.492;-97.520;2021-03-03T09:52:42;66;64;
43479;PMS5003;29067;35.492;-97.520;2021-03-03T09:55:18;42;42;
43479;PMS5003;29067;35.492;-97.520;2021-03-03T09:57:48;46;45;
43479;PMS5003;29067;35.492;-97.520;2021-03-03T10:00:20;15;15;
43479;PMS5003;29067;35.492;-97.520;2021-03-03T10:02:50;11;10;
43479;PMS5003;29067;35.492;-97.520;2021-03-03T10:05:26;9;9;
43479;PMS5003;29067;35.492;-97.520;2021-03-03T10:07:56;10;10;
43479;PMS5003;29067;35.492;-97.520;2021-03-03T10:10:27;6;6;
43479;PMS5003;29067;35.492;-97.520;2021-03-03T10:12:59;11;10;
43479;PMS5003;29067;35.492;-97.520;2021-03-03T10:15:33;10;9;
43479;PMS5003;29067;35.492;-97.520;2021-03-03T10:18:06;11;11;
43479;PMS5003;29067;35.492;-97.520;2021-03-03T10:20:36;11;10;
43479;PMS5003;29067;35.492;-97.520;2021-03-03T10:23:07;9;9;
43479;PMS5003;29067;35.492;-97.520;2021-03-03T10:25:37;9;9;
43479;PMS5003;29067;35.492;-97.520;2021-03-03T10:28:13;10;7;
43479;PMS5003;29067;35.492;-97.520;2021-03-03T10:30:43;10;8;
43479;PMS5003;29067;35.492;-97.520;2021-03-03T10:33:25;14;13;
43479;PMS5003;29067;35.492;-97.520;2021-03-03T10:35:56;9;9;
43479;PMS5003;29067;35.492;-97.520;2021-03-03T10:38:26;10;7;
43479;PMS5003;29067;35.492;-97.520;2021-03-03T10:40:58;11;9;
43479;PMS5003;29067;35.492;-97.520;2021-03-03T10:43:27;10;9;
43479;PMS5003;29067;35.492;-97.520;2021-03-03T10:46:13;9;9;
43479;PMS5003;29067;35.492;-97.520;2021-03-03T10:48:46;7;6;
43479;PMS5003;29067;35.492;-97.520;2021-03-03T10:51:16;8;8;
43479;PMS5003;29067;35.492;-97.520;2021-03-03T10:53:47;9;9;
43479;PMS5003;29067;35.492;-97.520;2021-03-03T10:56:19;11;11;
43479;PMS5003;29067;35.492;-97.520;2021-03-03T10:58:50;9;8;
43479;PMS5003;29067;35.492;-97.520;2021-03-03T11:01:19;11;10;
43479;PMS5003;29067;35.492;-97.520;2021-03-03T11:03:49;11;9;
43479;PMS5003;29067;35.492;-97.520;2021-03-03T11:06:20;9;9;
43479;PMS5003;29067;35.492;-97.520;2021-03-03T11:08:53;10;10;
43479;PMS5003;29067;35.492;-97.520;2021-03-03T11:11:27;12;12;
43479;PMS5003;29067;35.492;-97.520;2021-03-03T11:13:55;8;8;
43479;PMS5003;29067;35.492;-97.520;2021-03-03T11:16:23;9;9;
43479;PMS5003;29067;35.492;-97.520;2021-03-03T11:18:52;10;10;
43479;PMS5003;29067;35.492;-97.520;2021-03-03T11:21:21;11;9;
43479;PMS5003;29067;35.492;-97.520;2021-03-03T11:23:50;9;8;
43479;PMS5003;29067;35.492;-97.520;2021-03-03T11:26:23;10;10;
43479;PMS5003;29067;35.492;-97.520;2021-03-03T11:28:52;10;9;
43479;PMS5003;29067;35.492;-97.520;2021-03-03T11:31:21;10;9;
43479;PMS5003;29067;35.492;-97.520;2021-03-03T11:33:49;8;8;
43479;PMS5003;29067;35.492;-97.520;2021-03-03T11:36:18;8;6;
43479;PMS5003;29067;35.492;-97.520;2021-03-03T11:38:47;10;10;
43479;PMS5003;29067;35.492;-97.520;2021-03-03T11:41:16;10;9;
43479;PMS5003;29067;35.492;-97.520;2021-03-03T11:43:44;11;9;
43479;PMS5003;29067;35.492;-97.520;2021-03-03T11:46:13;11;9;
43479;PMS5003;29067;35.492;-97.520;2021-03-03T11:48:41;9;9;
43479;PMS5003;29067;35.492;-97.520;2021-03-03T11:51:09;8;8;
43479;PMS5003;29067;35.492;-97.520;2021-03-03T11:53:38;8;8;
43479;PMS5003;29067;35.492;-97.520;2021-03-03T11:56:07;10;9;
43479;PMS5003;29067;35.492;-97.520;2021-03-03T11:58:36;9;9;
43479;PMS5003;29067;35.492;-97.520;2021-03-03T12:03:00;9;8;
43479;PMS5003;29067;35.492;-97.520;2021-03-03T12:05:29;10;10;
43479;PMS5003;29067;35.492;-97.520;2021-03-03T12:07:57;10;10;
43479;PMS5003;29067;35.492;-97.520;2021-03-03T12:10:26;8;6;
43479;PMS5003;29067;35.492;-97.520;2021-03-03T12:12:54;8;8;
43479;PMS5003;29067;35.492;-97.520;2021-03-03T12:15:23;10;9;
43479;PMS5003;29067;35.492;-97.520;2021-03-03T12:17:51;9;8;
43479;PMS5003;29067;35.492;-97.520;2021-03-03T12:20:19;10;9;
43479;PMS5003;29067;35.492;-97.520;2021-03-03T12:22:48;8;7;
43479;PMS5003;29067;35.492;-97.520;2021-03-03T12:25:16;10;9;
43479;PMS5003;29067;35.492;-97.520;2021-03-03T12:27:45;11;9;
43479;PMS5003;29067;35.492;-97.520;2021-03-03T12:30:14;10;10;
43479;PMS5003;29067;35.492;-97.520;2021-03-03T12:32:43;11;11;
43479;PMS5003;29067;35.492;-97.520;2021-03-03T12:35:12;9;9;
43479;PMS5003;29067;35.492;-97.520;2021-03-03T12:37:40;10;10;
43479;PMS5003;29067;35.492;-97.520;2021-03-03T12:40:09;9;8;
43479;PMS5003;29067;35.492;-97.520;2021-03-03T12:42:38;10;9;
43479;PMS5003;29067;35.492;-97.520;2021-03-03T12:45:06;9;9;
43479;PMS5003;29067;35.492;-97.520;2021-03-03T12:47:35;9;8;
43479;PMS5003;29067;35.492;-97.520;2021-03-03T12:50:04;8;8;
43479;PMS5003;29067;35.492;-97.520;2021-03-03T12:52:33;9;9;
43479;PMS5003;29067;35.492;-97.520;2021-03-03T12:55:02;8;8;
43479;PMS5003;29067;35.492;-97.520;2021-03-03T12:57:31;8;8;
43479;PMS5003;29067;35.492;-97.520;2021-03-03T12:59:59;7;7;
43479;PMS5003;29067;35.492;-97.520;2021-03-03T13:02:28;8;8;
43479;PMS5003;29067;35.492;-97.520;2021-03-03T13:05:03;11;8;
43479;PMS5003;29067;35.492;-97.520;2021-03-03T13:07:33;10;10;
43479;PMS5003;29067;35.492;-97.520;2021-03-03T13:10:02;9;9;
43479;PMS5003;29067;35.492;-97.520;2021-03-03T13:12:30;8;7;
43479;PMS5003;29067;35.492;-97.520;2021-03-03T13:14:59;12;9;
43479;PMS5003;29067;35.492;-97.520;2021-03-03T13:17:28;8;8;
43479;PMS5003;29067;35.492;-97.520;2021-03-03T13:19:57;8;8;
43479;PMS5003;29067;35.492;-97.520;2021-03-03T13:22:26;8;8;
43479;PMS5003;29067;35.492;-97.520;2021-03-03T13:24:54;9;9;
43479;PMS5003;29067;35.492;-97.520;2021-03-03T13:27:22;9;9;
43479;PMS5003;29067;35.492;-97.520;2021-03-03T13:29:50;10;9;
43479;PMS5003;29067;35.492;-97.520;2021-03-03T13:32:19;10;9;
43479;PMS5003;29067;35.492;-97.520;2021-03-03T13:34:47;10;9;
43479;PMS5003;29067;35.492;-97.520;2021-03-03T13:37:15;10;10;
43479;PMS5003;29067;35.492;-97.520;2021-03-03T13:39:43;9;8;
43479;PMS5003;29067;35.492;-97.520;2021-03-03T13:42:12;11;10;
43479;PMS5003;29067;35.492;-97.520;2021-03-03T13:44:40;11;10;
43479;PMS5003;29067;35.492;-97.520;2021-03-03T13:47:09;10;10;
43479;PMS5003;29067;35.492;-97.520;2021-03-03T13:49:37;10;10;
43479;PMS5003;29067;35.492;-97.520;2021-03-03T13:52:05;9;7;
43479;PMS5003;29067;35.492;-97.520;2021-03-03T13:54:36;12;12;
43479;PMS5003;29067;35.492;-97.520;2021-03-03T13:57:04;13;12;
43479;PMS5003;29067;35.492;-97.520;2021-03-03T13:59:33;14;12;
43479;PMS5003;29067;35.492;-97.520;2021-03-03T14:02:07;13;11;
43479;PMS5003;29067;35.492;-97.520;2021-03-03T14:04:36;9;8;
43479;PMS5003;29067;35.492;-97.520;2021-03-03T14:07:04;8;7;
43479;PMS5003;29067;35.492;-97.520;2021-03-03T14:09:32;8;7;
43479;PMS5003;29067;35.492;-97.520;2021-03-03T14:12:00;7;7;
43479;PMS5003;29067;35.492;-97.520;2021-03-03T14:14:28;6;6;
43479;PMS5003;29067;35.492;-97.520;2021-03-03T14:16:56;6;6;
43479;PMS5003;29067;35.492;-97.520;2021-03-03T14:19:24;6;6;
43479;PMS5003;29067;35.492;-97.520;2021-03-03T14:21:53;5;5;
43479;PMS5003;29067;35.492;-97.520;2021-03-03T14:24:22;5;5;
43479;PMS5003;29067;35.492;-97.520;2021-03-03T14:26:50;8;6;
43479;PMS5003;29067;35.492;-97.520;2021-03-03T14:29:19;5;5;
43479;PMS5003;29067;35.492;-97.520;2021-03-03T14:31:52;7;6;
43479;PMS5003;29067;35.492;-97.520;2021-03-03T14:34:20;5;5;
43479;PMS5003;29067;35.492;-97.520;2021-03-03T14:36:50;5;5;
43479;PMS5003;29067;35.492;-97.520;2021-03-03T14:39:18;7;6;
43479;PMS5003;29067;35.492;-97.520;2021-03-03T14:41:46;5;5;
43479;PMS5003;29067;35.492;-97.520;2021-03-03T14:44:14;5;5;
43479;PMS5003;29067;35.492;-97.520;2021-03-03T14:46:42;6;5;
43479;PMS5003;29067;35.492;-97.520;2021-03-03T14:49:11;6;5;
43479;PMS5003;29067;35.492;-97.520;2021-03-03T14:51:45;6;5;
43479;PMS5003;29067;35.492;-97.520;2021-03-03T14:54:14;4;4;
43479;PMS5003;29067;35.492;-97.520;2021-03-03T14:56:42;5;5;
43479;PMS5003;29067;35.492;-97.520;2021-03-03T14:59:10;5;4;
43479;PMS5003;29067;35.492;-97.520;2021-03-03T15:01:38;5;4;
43479;PMS5003;29067;35.492;-97.520;2021-03-03T15:04:06;6;6;
43479;PMS5003;29067;35.492;-97.520;2021-03-03T15:06:34;8;7;
43479;PMS5003;29067;35.492;-97.520;2021-03-03T15:09:02;6;5;
43479;PMS5003;29067;35.492;-97.520;2021-03-03T15:11:30;5;5;
43479;PMS5003;29067;35.492;-97.520;2021-03-03T15:13:58;7;7;
43479;PMS5003;29067;35.492;-97.520;2021-03-03T15:16:26;5;5;
43479;PMS5003;29067;35.492;-97.520;2021-03-03T15:18:54;6;6;
43479;PMS5003;29067;35.492;-97.520;2021-03-03T15:21:23;5;5;
43479;PMS5003;29067;35.492;-97.520;2021-03-03T15:23:52;8;5;
43479;PMS5003;29067;35.492;-97.520;2021-03-03T15:26:20;6;4;
43479;PMS5003;29067;35.492;-97.520;2021-03-03T15:28:48;4;4;
43479;PMS5003;29067;35.492;-97.520;2021-03-03T15:31:16;5;5;
43479;PMS5003;29067;35.492;-97.520;2021-03-03T15:33:43;5;4;
43479;PMS5003;29067;35.492;-97.520;2021-03-03T15:36:17;4;4;
43479;PMS5003;29067;35.492;-97.520;2021-03-03T15:38:44;3;3;
43479;PMS5003;29067;35.492;-97.520;2021-03-03T15:41:13;3;3;
43479;PMS5003;29067;35.492;-97.520;2021-03-03T15:43:42;5;4;
43479;PMS5003;29067;35.492;-97.520;2021-03-03T15:46:10;4;3;
43479;PMS5003;29067;35.492;-97.520;2021-03-03T15:48:38;3;3;
43479;PMS5003;29067;35.492;-97.520;2021-03-03T15:51:07;6;5;
43479;PMS5003;29067;35.492;-97.520;2021-03-03T15:53:36;3;2;
43479;PMS5003;29067;35.492;-97.520;2021-03-03T15:56:05;4;4;
43479;PMS5003;29067;35.492;-97.520;2021-03-03T15:58:33;4;3;
43479;PMS5003;29067;35.492;-97.520;2021-03-03T16:01:02;2;2;
43479;PMS5003;29067;35.492;-97.520;2021-03-03T16:03:31;2;2;
43479;PMS5003;29067;35.492;-97.520;2021-03-03T16:05:59;1;1;
43479;PMS5003;29067;35.492;-97.520;2021-03-03T16:08:27;2;2;
43479;PMS5003;29067;35.492;-97.520;2021-03-03T16:10:55;3;2;
43479;PMS5003;29067;35.492;-97.520;2021-03-03T16:13:23;3;3;
43479;PMS5003;29067;35.492;-97.520;2021-03-03T16:15:52;2;2;
43479;PMS5003;29067;35.492;-97.520;2021-03-03T16:18:20;3;2;
43479;PMS5003;29067;35.492;-97.520;2021-03-03T16:20:48;2;2;
43479;PMS5003;29067;35.492;-97.520;2021-03-03T16:23:16;3;3;
43479;PMS5003;29067;35.492;-97.520;2021-03-03T16:25:45;2;2;
43479;PMS5003;29067;35.492;-97.520;2021-03-03T16:28:13;1;1;
43479;PMS5003;29067;35.492;-97.520;2021-03-03T16:30:42;1;1;
43479;PMS5003;29067;35.492;-97.520;2021-03-03T16:33:10;1;1;
43479;PMS5003;29067;35.492;-97.520;2021-03-03T16:35:38;2;2;
43479;PMS5003;29067;35.492;-97.520;2021-03-03T16:38:06;2;2;
43479;PMS5003;29067;35.492;-97.520;2021-03-03T16:40:33;2;2;
43479;PMS5003;29067;35.492;-97.520;2021-03-03T16:43:01;3;2;
43479;PMS5003;29067;35.492;-97.520;2021-03-03T16:45:35;1;1;
43479;PMS5003;29067;35.492;-97.520;2021-03-03T16:48:04;1;1;
43479;PMS5003;29067;35.492;-97.520;2021-03-03T16:50:32;1;1;
43479;PMS5003;29067;35.492;-97.520;2021-03-03T16:53:00;1;1;
43479;PMS5003;29067;35.492;-97.520;2021-03-03T16:55:29;0;0;
43479;PMS5003;29067;35.492;-97.520;2021-03-03T16:57:57;2;2;
43479;PMS5003;29067;35.492;-97.520;2021-03-03T17:00:26;3;3;
43479;PMS5003;29067;35.492;-97.520;2021-03-03T17:02:55;3;3;
43479;PMS5003;29067;35.492;-97.520;2021-03-03T17:05:23;2;1;
43479;PMS5003;29067;35.492;-97.520;2021-03-03T17:07:51;2;1;
43479;PMS5003;29067;35.492;-97.520;2021-03-03T17:10:19;1;1;
43479;PMS5003;29067;35.492;-97.520;2021-03-03T17:12:48;1;0;
43479;PMS5003;29067;35.492;-97.520;2021-03-03T17:15:17;2;2;
43479;PMS5003;29067;35.492;-97.520;2021-03-03T17:17:45;1;1;
43479;PMS5003;29067;35.492;-97.520;2021-03-03T17:20:15;2;2;
43479;PMS5003;29067;35.492;-97.520;2021-03-03T17:22:43;2;1;
43479;PMS5003;29067;35.492;-97.520;2021-03-03T17:25:12;0;0;
43479;PMS5003;29067;35.492;-97.520;2021-03-03T17:27:40;0;0;
43479;PMS5003;29067;35.492;-97.520;2021-03-03T17:30:10;2;2;
43479;PMS5003;29067;35.492;-97.520;2021-03-03T17:32:41;1;1;
43479;PMS5003;29067;35.492;-97.520;2021-03-03T17:35:09;0;0;
43479;PMS5003;29067;35.492;-97.520;2021-03-03T17:37:38;1;1;
43479;PMS5003;29067;35.492;-97.520;2021-03-03T17:40:07;1;1;
43479;PMS5003;29067;35.492;-97.520;2021-03-03T17:42:36;1;1;
43479;PMS5003;29067;35.492;-97.520;2021-03-03T17:45:05;2;2;
43479;PMS5003;29067;35.492;-97.520;2021-03-03T17:47:35;0;0;
43479;PMS5003;29067;35.492;-97.520;2021-03-03T17:50:04;1;1;
43479;PMS5003;29067;35.492;-97.520;2021-03-03T17:52:33;1;1;
43479;PMS5003;29067;35.492;-97.520;2021-03-03T17:55:01;1;1;
43479;PMS5003;29067;35.492;-97.520;2021-03-03T17:57:29;2;1;
43479;PMS5003;29067;35.492;-97.520;2021-03-03T17:59:57;2;2;
43479;PMS5003;29067;35.492;-97.520;2021-03-03T18:02:26;2;1;
43479;PMS5003;29067;35.492;-97.520;2021-03-03T18:04:56;1;1;
43479;PMS5003;29067;35.492;-97.520;2021-03-03T18:07:23;1;1;
43479;PMS5003;29067;35.492;-97.520;2021-03-03T18:09:52;1;0;
43479;PMS5003;29067;35.492;-97.520;2021-03-03T18:12:20;1;1;
43479;PMS5003;29067;35.492;-97.520;2021-03-03T18:14:49;2;1;
43479;PMS5003;29067;35.492;-97.520;2021-03-03T18:17:18;2;1;
43479;PMS5003;29067;35.492;-97.520;2021-03-03T18:19:46;0;0;
43479;PMS5003;29067;35.492;-97.520;2021-03-03T18:22:14;1;1;
43479;PMS5003;29067;35.492;-97.520;2021-03-03T18:24:43;3;2;
43479;PMS5003;29067;35.492;-97.520;2021-03-03T18:27:11;1;1;
43479;PMS5003;29067;35.492;-97.520;2021-03-03T18:29:41;1;0;
43479;PMS5003;29067;35.492;-97.520;2021-03-03T18:32:09;1;1;
43479;PMS5003;29067;35.492;-97.520;2021-03-03T18:34:37;1;1;
43479;PMS5003;29067;35.492;-97.520;2021-03-03T18:37:06;1;1;
43479;PMS5003;29067;35.492;-97.520;2021-03-03T18:39:34;1;1;
43479;PMS5003;29067;35.492;-97.520;2021-03-03T18:42:02;1;1;
43479;PMS5003;29067;35.492;-97.520;2021-03-03T18:44:31;2;2;
43479;PMS5003;29067;35.492;-97.520;2021-03-03T18:46:59;2;1;
43479;PMS5003;29067;35.492;-97.520;2021-03-03T18:49:27;3;2;
43479;PMS5003;29067;35.492;-97.520;2021-03-03T18:51:56;2;1;
43479;PMS5003;29067;35.492;-97.520;2021-03-03T18:54:25;1;1;
43479;PMS5003;29067;35.492;-97.520;2021-03-03T18:56:53;1;1;
43479;PMS5003;29067;35.492;-97.520;2021-03-03T18:59:21;2;2;
43479;PMS5003;29067;35.492;-97.520;2021-03-03T19:01:50;2;2;
43479;PMS5003;29067;35.492;-97.520;2021-03-03T19:04:23;1;1;
43479;PMS5003;29067;35.492;-97.520;2021-03-03T19:06:52;2;1;
43479;PMS5003;29067;35.492;-97.520;2021-03-03T19:09:20;2;1;
43479;PMS5003;29067;35.492;-97.520;2021-03-03T19:11:48;2;2;
43479;PMS5003;29067;35.492;-97.520;2021-03-03T19:14:17;1;1;
43479;PMS5003;29067;35.492;-97.520;2021-03-03T19:16:46;0;0;
43479;PMS5003;29067;35.492;-97.520;2021-03-03T19:19:14;2;2;
43479;PMS5003;29067;35.492;-97.520;2021-03-03T19:21:44;1;1;
43479;PMS5003;29067;35.492;-97.520;2021-03-03T19:24:12;2;1;
43479;PMS5003;29067;35.492;-97.520;2021-03-03T19:26:42;1;1;
43479;PMS5003;29067;35.492;-97.520;2021-03-03T19:29:10;1;1;
43479;PMS5003;29067;35.492;-97.520;2021-03-03T19:31:40;1;1;
43479;PMS5003;29067;35.492;-97.520;2021-03-03T19:34:08;1;1;
43479;PMS5003;29067;35.492;-97.520;2021-03-03T19:36:38;1;1;
43479;PMS5003;29067;35.492;-97.520;2021-03-03T19:39:06;1;1;
43479;PMS5003;29067;35.492;-97.520;2021-03-03T19:41:34;1;1;
43479;PMS5003;29067;35.492;-97.520;2021-03-03T19:44:02;1;1;
43479;PMS5003;29067;35.492;-97.520;2021-03-03T19:46:32;0;0;
43479;PMS5003;29067;35.492;-97.520;2021-03-03T19:49:00;1;1;
43479;PMS5003;29067;35.492;-97.520;2021-03-03T19:51:28;1;1;
43479;PMS5003;29067;35.492;-97.520;2021-03-03T19:53:57;1;1;
43479;PMS5003;29067;35.492;-97.520;2021-03-03T19:56:26;1;1;
43479;PMS5003;29067;35.492;-97.520;2021-03-03T19:58:56;2;2;
43479;PMS5003;29067;35.492;-97.520;2021-03-03T20:01:24;3;2;
43479;PMS5003;29067;35.492;-97.520;2021-03-03T20:03:53;7;7;
43479;PMS5003;29067;35.492;-97.520;2021-03-03T20:06:22;6;6;
43479;PMS5003;29067;35.492;-97.520;2021-03-03T20:08:50;8;8;
43479;PMS5003;29067;35.492;-97.520;2021-03-03T20:11:19;9;8;
43479;PMS5003;29067;35.492;-97.520;2021-03-03T20:13:46;12;12;
43479;PMS5003;29067;35.492;-97.520;2021-03-03T20:16:15;11;11;
43479;PMS5003;29067;35.492;-97.520;2021-03-03T20:18:44;12;11;
43479;PMS5003;29067;35.492;-97.520;2021-03-03T20:21:12;10;9;
43479;PMS5003;29067;35.492;-97.520;2021-03-03T20:23:40;10;10;
43479;PMS5003;29067;35.492;-97.520;2021-03-03T20:26:08;9;9;
43479;PMS5003;29067;35.492;-97.520;2021-03-03T20:28:37;9;9;
43479;PMS5003;29067;35.492;-97.520;2021-03-03T20:31:05;11;11;
43479;PMS5003;29067;35.492;-97.520;2021-03-03T20:33:34;11;10;
43479;PMS5003;29067;35.492;-97.520;2021-03-03T20:36:02;11;11;
43479;PMS5003;29067;35.492;-97.520;2021-03-03T20:38:31;9;9;
43479;PMS5003;29067;35.492;-97.520;2021-03-03T20:40:59;17;17;
43479;PMS5003;29067;35.492;-97.520;2021-03-03T20:43:28;19;19;
43479;PMS5003;29067;35.492;-97.520;2021-03-03T20:45:57;19;17;
43479;PMS5003;29067;35.492;-97.520;2021-03-03T20:48:26;19;19;
43479;PMS5003;29067;35.492;-97.520;2021-03-03T20:50:55;17;14;
43479;PMS5003;29067;35.492;-97.520;2021-03-03T20:53:23;13;10;
43479;PMS5003;29067;35.492;-97.520;2021-03-03T20:55:51;9;9;
43479;PMS5003;29067;35.492;-97.520;2021-03-03T20:58:20;10;10;
43479;PMS5003;29067;35.492;-97.520;2021-03-03T21:00:49;10;10;
43479;PMS5003;29067;35.492;-97.520;2021-03-03T21:03:17;12;10;
43479;PMS5003;29067;35.492;-97.520;2021-03-03T21:05:46;9;8;
43479;PMS5003;29067;35.492;-97.520;2021-03-03T21:08:15;6;6;
43479;PMS5003;29067;35.492;-97.520;2021-03-03T21:10:43;9;8;
43479;PMS5003;29067;35.492;-97.520;2021-03-03T21:13:12;5;5;
43479;PMS5003;29067;35.492;-97.520;2021-03-03T21:15:41;4;4;
43479;PMS5003;29067;35.492;-97.520;2021-03-03T21:18:10;9;8;
43479;PMS5003;29067;35.492;-97.520;2021-03-03T21:20:38;26;26;
43479;PMS5003;29067;35.492;-97.520;2021-03-03T21:23:06;27;25;
43479;PMS5003;29067;35.492;-97.520;2021-03-03T21:25:35;16;16;
43479;PMS5003;29067;35.492;-97.520;2021-03-03T21:28:05;11;9;
43479;PMS5003;29067;35.492;-97.520;2021-03-03T21:30:33;3;2;
43479;PMS5003;29067;35.492;-97.520;2021-03-03T21:33:03;3;3;
43479;PMS5003;29067;35.492;-97.520;2021-03-03T21:35:31;4;4;
43479;PMS5003;29067;35.492;-97.520;2021-03-03T21:38:01;1;1;
43479;PMS5003;29067;35.492;-97.520;2021-03-03T21:40:29;1;1;
43479;PMS5003;29067;35.492;-97.520;2021-03-03T21:42:57;2;2;
43479;PMS5003;29067;35.492;-97.520;2021-03-03T21:45:27;2;1;
43479;PMS5003;29067;35.492;-97.520;2021-03-03T21:47:55;3;3;
43479;PMS5003;29067;35.492;-97.520;2021-03-03T21:50:24;1;0;
43479;PMS5003;29067;35.492;-97.520;2021-03-03T21:52:52;2;2;
43479;PMS5003;29067;35.492;-97.520;2021-03-03T21:55:26;1;1;
43479;PMS5003;29067;35.492;-97.520;2021-03-03T21:57:55;2;2;
43479;PMS5003;29067;35.492;-97.520;2021-03-03T22:00:23;3;2;
43479;PMS5003;29067;35.492;-97.520;2021-03-03T22:02:52;2;2;
43479;PMS5003;29067;35.492;-97.520;2021-03-03T22:05:20;1;1;
43479;PMS5003;29067;35.492;-97.520;2021-03-03T22:07:48;3;3;
43479;PMS5003;29067;35.492;-97.520;2021-03-03T22:10:17;2;2;
43479;PMS5003;29067;35.492;-97.520;2021-03-03T22:12:46;3;2;
43479;PMS5003;29067;35.492;-97.520;2021-03-03T22:15:15;2;2;
43479;PMS5003;29067;35.492;-97.520;2021-03-03T22:17:43;1;1;
43479;PMS5003;29067;35.492;-97.520;2021-03-03T22:20:11;2;2;
43479;PMS5003;29067;35.492;-97.520;2021-03-03T22:22:41;1;1;
43479;PMS5003;29067;35.492;-97.520;2021-03-03T22:25:10;2;2;
43479;PMS5003;29067;35.492;-97.520;2021-03-03T22:27:38;2;2;
43479;PMS5003;29067;35.492;-97.520;2021-03-03T22:30:08;1;1;
43479;PMS5003;29067;35.492;-97.520;2021-03-03T22:32:36;3;2;
43479;PMS5003;29067;35.492;-97.520;2021-03-03T22:35:10;2;1;
43479;PMS5003;29067;35.492;-97.520;2021-03-03T22:37:38;1;1;
43479;PMS5003;29067;35.492;-97.520;2021-03-03T22:40:08;2;2;
43479;PMS5003;29067;35.492;-97.520;2021-03-03T22:42:37;2;2;
43479;PMS5003;29067;35.492;-97.520;2021-03-03T22:45:06;1;1;
43479;PMS5003;29067;35.492;-97.520;2021-03-03T22:47:35;2;2;
43479;PMS5003;29067;35.492;-97.520;2021-03-03T22:50:04;1;1;
43479;PMS5003;29067;35.492;-97.520;2021-03-03T22:52:37;1;1;
43479;PMS5003;29067;35.492;-97.520;2021-03-03T22:55:07;2;2;
43479;PMS5003;29067;35.492;-97.520;2021-03-03T22:57:36;1;1;
43479;PMS5003;29067;35.492;-97.520;2021-03-03T23:00:06;1;1;
43479;PMS5003;29067;35.492;-97.520;2021-03-03T23:02:36;1;1;
43479;PMS5003;29067;35.492;-97.520;2021-03-03T23:05:10;2;2;
43479;PMS5003;29067;35.492;-97.520;2021-03-03T23:07:39;1;1;
43479;PMS5003;29067;35.492;-97.520;2021-03-03T23:10:10;1;0;
43479;PMS5003;29067;35.492;-97.520;2021-03-03T23:12:40;2;2;
43479;PMS5003;29067;35.492;-97.520;2021-03-03T23:15:11;1;1;
43479;PMS5003;29067;35.492;-97.520;2021-03-03T23:17:42;2;2;
43479;PMS5003;29067;35.492;-97.520;2021-03-03T23:20:14;1;1;
43479;PMS5003;29067;35.492;-97.520;2021-03-03T23:22:44;2;2;
43479;PMS5003;29067;35.492;-97.520;2021-03-03T23:25:15;2;2;
43479;PMS5003;29067;35.492;-97.520;2021-03-03T23:27:49;1;1;
43479;PMS5003;29067;35.492;-97.520;2021-03-03T23:30:18;1;1;
43479;PMS5003;29067;35.492;-97.520;2021-03-03T23:32:50;3;3;
43479;PMS5003;29067;35.492;-97.520;2021-03-03T23:35:21;1;1;
43479;PMS5003;29067;35.492;-97.520;2021-03-03T23:37:51;0;0;
43479;PMS5003;29067;35.492;-97.520;2021-03-03T23:40:25;0;0;
43479;PMS5003;29067;35.492;-97.520;2021-03-03T23:42:55;0;0;
43479;PMS5003;29067;35.492;-97.520;2021-03-03T23:45:24;2;2;
43479;PMS5003;29067;35.492;-97.520;2021-03-03T23:47:54;1;1;
43479;PMS5003;29067;35.492;-97.520;2021-03-03T23:50:26;3;2;
43479;PMS5003;29067;35.492;-97.520;2021-03-03T23:52:57;2;2;
43479;PMS5003;29067;35.492;-97.520;2021-03-03T23:55:26;2;2;
43479;PMS5003;29067;35.492;-97.520;2021-03-03T23:57:54;1;1;
