sensor_id;sensor_type;location;lat;lon;timestamp;pressure;altitude;pressure_sealevel;temperature
8937;BMP180;4503;47.810;13.072;2021-03-02T00:00:06;97959.00;;;9.20
8937;BMP180;4503;47.810;13.072;2021-03-02T00:02:34;97960.00;;;9.30
8937;BMP180;4503;47.810;13.072;2021-03-02T00:05:01;97966.00;;;9.20
8937;BMP180;4503;47.810;13.072;2021-03-02T00:07:27;97963.00;;;9.20
8937;BMP180;4503;47.810;13.072;2021-03-02T00:09:54;97974.00;;;9.20
8937;BMP180;4503;47.810;13.072;2021-03-02T00:12:20;97957.00;;;9.20
8937;BMP180;4503;47.810;13.072;2021-03-02T00:14:46;97969.00;;;9.10
8937;BMP180;4503;47.810;13.072;2021-03-02T00:18:05;97966.00;;;9.10
8937;BMP180;4503;47.810;13.072;2021-03-02T00:20:15;97958.00;;;9.00
8937;BMP180;4503;47.810;13.072;2021-03-02T00:22:57;97975.00;;;9.00
8937;BMP180;4503;47.810;13.072;2021-03-02T00:25:29;97963.00;;;9.00
8937;BMP180;4503;47.810;13.072;2021-03-02T00:27:56;97968.00;;;9.00
8937;BMP180;4503;47.810;13.072;2021-03-02T00:30:23;97975.00;;;9.00
8937;BMP180;4503;47.810;13.072;2021-03-02T00:32:51;97971.00;;;8.90
8937;BMP180;4503;47.810;13.072;2021-03-02T00:35:18;97969.00;;;8.90
8937;BMP180;4503;47.810;13.072;2021-03-02T00:37:44;97975.00;;;8.90
8937;BMP180;4503;47.810;13.072;2021-03-02T00:40:14;97978.00;;;8.80
8937;BMP180;4503;47.810;13.072;2021-03-02T00:42:40;97973.00;;;8.80
8937;BMP180;4503;47.810;13.072;2021-03-02T00:45:07;97971.00;;;8.70
8937;BMP180;4503;47.810;13.072;2021-03-02T00:47:33;97972.00;;;8.70
8937;BMP180;4503;47.810;13.072;2021-03-02T00:49:59;97977.00;;;8.60
8937;BMP180;4503;47.810;13.072;2021-03-02T00:52:25;97962.00;;;8.60
8937;BMP180;4503;47.810;13.072;2021-03-02T00:54:51;97963.00;;;8.60
8937;BMP180;4503;47.810;13.072;2021-03-02T00:57:17;97966.00;;;8.60
8937;BMP180;4503;47.810;13.072;2021-03-02T00:59:42;97970.00;;;8.60
8937;BMP180;4503;47.810;13.072;2021-03-02T01:02:10;97967.00;;;8.50
8937;BMP180;4503;47.810;13.072;2021-03-02T01:04:36;97970.00;;;8.50
8937;BMP180;4503;47.810;13.072;2021-03-02T01:07:04;97963.00;;;8.40
8937;BMP180;4503;47.810;13.072;2021-03-02T01:09:31;97949.00;;;8.40
8937;BMP180;4503;47.810;13.072;2021-03-02T01:11:57;97967.00;;;8.30
8937;BMP180;4503;47.810;13.072;2021-03-02T01:14:24;97956.00;;;8.20
8937;BMP180;4503;47.810;13.072;2021-03-02T01:16:50;97953.00;;;8.20
8937;BMP180;4503;47.810;13.072;2021-03-02T01:19:16;97952.00;;;8.10
8937;BMP180;4503;47.810;13.072;2021-03-02T01:21:42;97951.00;;;8.10
8937;BMP180;4503;47.810;13.072;2021-03-02T01:24:10;97948.00;;;8.00
8937;BMP180;4503;47.810;13.072;2021-03-02T01:26:37;97951.00;;;8.00
8937;BMP180;4503;47.810;13.072;2021-03-02T01:29:04;97957.00;;;8.00
8937;BMP180;4503;47.810;13.072;2021-03-02T01:31:30;97951.00;;;8.00
8937;BMP180;4503;47.810;13.072;2021-03-02T01:33:56;97948.00;;;7.90
8937;BMP180;4503;47.810;13.072;2021-03-02T01:36:22;97948.00;;;7.90
8937;BMP180;4503;47.810;13.072;2021-03-02T01:38:48;97945.00;;;7.90
8937;BMP180;4503;47.810;13.072;2021-03-02T01:41:14;97945.00;;;7.80
8937;BMP180;4503;47.810;13.072;2021-03-02T01:43:40;97949.00;;;7.80
8937;BMP180;4503;47.810;13.072;2021-03-02T01:46:07;97949.00;;;7.70
8937;BMP180;4503;47.810;13.072;2021-03-02T01:48:35;97950.00;;;7.60
8937;BMP180;4503;47.810;13.072;2021-03-02T01:51:03;97954.00;;;7.60
8937;BMP180;4503;47.810;13.072;2021-03-02T01:53:30;97954.00;;;7.60
8937;BMP180;4503;47.810;13.072;2021-03-02T01:55:57;97953.00;;;7.50
8937;BMP180;4503;47.810;13.072;2021-03-02T01:58:28;97941.00;;;7.50
8937;BMP180;4503;47.810;13.072;2021-03-02T02:01:04;97944.00;;;7.50
8937;BMP180;4503;47.810;13.072;2021-03-02T02:04:18;97944.00;;;7.50
8937;BMP180;4503;47.810;13.072;2021-03-02T02:06:58;97931.00;;;7.40
8937;BMP180;4503;47.810;13.072;2021-03-02T02:10:03;97940.00;;;7.40
8937;BMP180;4503;47.810;13.072;2021-03-02T02:12:36;97936.00;;;7.40
8937;BMP180;4503;47.810;13.072;2021-03-02T02:15:30;97927.00;;;7.40
8937;BMP180;4503;47.810;13.072;2021-03-02T02:18:10;97930.00;;;7.40
8937;BMP180;4503;47.810;13.072;2021-03-02T02:20:50;97930.00;;;7.30
8937;BMP180;4503;47.810;13.072;2021-03-02T02:26:46;97927.00;;;7.30
8937;BMP180;4503;47.810;13.072;2021-03-02T02:29:20;97922.00;;;7.30
8937;BMP180;4503;47.810;13.072;2021-03-02T02:31:47;97926.00;;;7.30
8937;BMP180;4503;47.810;13.072;2021-03-02T02:34:18;97936.00;;;7.20
8937;BMP180;4503;47.810;13.072;2021-03-02T02:36:49;97928.00;;;7.20
8937;BMP180;4503;47.810;13.072;2021-03-02T02:39:17;97942.00;;;7.10
8937;BMP180;4503;47.810;13.072;2021-03-02T02:41:47;97947.00;;;7.10
8937;BMP180;4503;47.810;13.072;2021-03-02T02:44:15;97940.00;;;7.10
8937;BMP180;4503;47.810;13.072;2021-03-02T02:46:43;97937.00;;;7.00
8937;BMP180;4503;47.810;13.072;2021-03-02T02:49:11;97932.00;;;7.00
8937;BMP180;4503;47.810;13.072;2021-03-02T02:51:41;97938.00;;;7.00
8937;BMP180;4503;47.810;13.072;2021-03-02T02:54:08;97934.00;;;6.90
8937;BMP180;4503;47.810;13.072;2021-03-02T02:56:41;97937.00;;;6.90
8937;BMP180;4503;47.810;13.072;2021-03-02T02:59:24;97945.00;;;6.90
8937;BMP180;4503;47.810;13.072;2021-03-02T03:02:02;97935.00;;;6.80
8937;BMP180;4503;47.810;13.072;2021-03-02T03:04:38;97924.00;;;6.80
8937;BMP180;4503;47.810;13.072;2021-03-02T03:07:14;97930.00;;;6.90
8937;BMP180;4503;47.810;13.072;2021-03-02T03:09:43;97933.00;;;6.90
8937;BMP180;4503;47.810;13.072;2021-03-02T03:12:14;97924.00;;;6.90
8937;BMP180;4503;47.810;13.072;2021-03-02T03:15:04;97937.00;;;6.90
8937;BMP180;4503;47.810;13.072;2021-03-02T03:17:38;97935.00;;;6.90
8937;BMP180;4503;47.810;13.072;2021-03-02T03:20:11;97932.00;;;6.90
8937;BMP180;4503;47.810;13.072;2021-03-02T03:22:39;97931.00;;;6.90
8937;BMP180;4503;47.810;13.072;2021-03-02T03:25:08;97943.00;;;6.90
8937;BMP180;4503;47.810;13.072;2021-03-02T03:27:40;97937.00;;;6.90
8937;BMP180;4503;47.810;13.072;2021-03-02T03:30:08;97941.00;;;6.90
8937;BMP180;4503;47.810;13.072;2021-03-02T03:32:38;97934.00;;;6.90
8937;BMP180;4503;47.810;13.072;2021-03-02T03:35:08;97941.00;;;6.90
8937;BMP180;4503;47.810;13.072;2021-03-02T03:37:35;97935.00;;;6.80
8937;BMP180;4503;47.810;13.072;2021-03-02T03:40:00;97949.00;;;6.80
8937;BMP180;4503;47.810;13.072;2021-03-02T03:42:26;97939.00;;;6.80
8937;BMP180;4503;47.810;13.072;2021-03-02T03:44:52;97941.00;;;6.80
8937;BMP180;4503;47.810;13.072;2021-03-02T03:47:18;97945.00;;;6.80
8937;BMP180;4503;47.810;13.072;2021-03-02T03:49:44;97947.00;;;6.80
8937;BMP180;4503;47.810;13.072;2021-03-02T03:52:12;97943.00;;;6.80
8937;BMP180;4503;47.810;13.072;2021-03-02T03:54:40;97941.00;;;6.80
8937;BMP180;4503;47.810;13.072;2021-03-02T03:57:12;97946.00;;;6.80
8937;BMP180;4503;47.810;13.072;2021-03-02T03:59:39;97953.00;;;6.70
8937;BMP180;4503;47.810;13.072;2021-03-02T04:02:07;97952.00;;;6.70
8937;BMP180;4503;47.810;13.072;2021-03-02T04:04:37;97947.00;;;6.70
8937;BMP180;4503;47.810;13.072;2021-03-02T04:07:04;97940.00;;;6.60
8937;BMP180;4503;47.810;13.072;2021-03-02T04:09:32;97949.00;;;6.60
8937;BMP180;4503;47.810;13.072;2021-03-02T04:11:58;97958.00;;;6.60
8937;BMP180;4503;47.810;13.072;2021-03-02T04:14:24;97951.00;;;6.50
8937;BMP180;4503;47.810;13.072;2021-03-02T04:16:50;97942.00;;;6.50
8937;BMP180;4503;47.810;13.072;2021-03-02T04:19:16;97949.00;;;6.40
8937;BMP180;4503;47.810;13.072;2021-03-02T04:21:42;97958.00;;;6.40
8937;BMP180;4503;47.810;13.072;2021-03-02T04:24:08;97968.00;;;6.40
8937;BMP180;4503;47.810;13.072;2021-03-02T04:26:34;97959.00;;;6.30
8937;BMP180;4503;47.810;13.072;2021-03-02T04:29:00;97967.00;;;6.30
8937;BMP180;4503;47.810;13.072;2021-03-02T04:31:25;97958.00;;;6.30
8937;BMP180;4503;47.810;13.072;2021-03-02T04:33:51;97965.00;;;6.30
8937;BMP180;4503;47.810;13.072;2021-03-02T04:36:17;97965.00;;;6.30
8937;BMP180;4503;47.810;13.072;2021-03-02T04:38:43;97965.00;;;6.30
8937;BMP180;4503;47.810;13.072;2021-03-02T04:41:08;97972.00;;;6.30
8937;BMP180;4503;47.810;13.072;2021-03-02T04:43:34;97967.00;;;6.30
8937;BMP180;4503;47.810;13.072;2021-03-02T04:46:00;97978.00;;;6.30
8937;BMP180;4503;47.810;13.072;2021-03-02T04:48:26;97963.00;;;6.20
8937;BMP180;4503;47.810;13.072;2021-03-02T04:50:52;97968.00;;;6.20
8937;BMP180;4503;47.810;13.072;2021-03-02T04:53:18;97966.00;;;6.20
8937;BMP180;4503;47.810;13.072;2021-03-02T04:55:43;97970.00;;;6.20
8937;BMP180;4503;47.810;13.072;2021-03-02T04:58:09;97966.00;;;6.20
8937;BMP180;4503;47.810;13.072;2021-03-02T05:00:35;97968.00;;;6.20
8937;BMP180;4503;47.810;13.072;2021-03-02T05:03:01;97962.00;;;6.20
8937;BMP180;4503;47.810;13.072;2021-03-02T05:05:27;97963.00;;;6.20
8937;BMP180;4503;47.810;13.072;2021-03-02T05:07:53;97977.00;;;6.10
8937;BMP180;4503;47.810;13.072;2021-03-02T05:10:19;97966.00;;;6.10
8937;BMP180;4503;47.810;13.072;2021-03-02T05:12:45;97971.00;;;6.10
8937;BMP180;4503;47.810;13.072;2021-03-02T05:15:12;97964.00;;;6.10
8937;BMP180;4503;47.810;13.072;2021-03-02T05:17:38;97962.00;;;6.00
8937;BMP180;4503;47.810;13.072;2021-03-02T05:20:04;97970.00;;;6.00
8937;BMP180;4503;47.810;13.072;2021-03-02T05:22:31;97964.00;;;6.00
8937;BMP180;4503;47.810;13.072;2021-03-02T05:24:57;97970.00;;;6.00
8937;BMP180;4503;47.810;13.072;2021-03-02T05:27:23;97962.00;;;6.00
8937;BMP180;4503;47.810;13.072;2021-03-02T05:29:48;97956.00;;;5.90
8937;BMP180;4503;47.810;13.072;2021-03-02T05:32:14;97967.00;;;5.90
8937;BMP180;4503;47.810;13.072;2021-03-02T05:34:40;97964.00;;;5.80
8937;BMP180;4503;47.810;13.072;2021-03-02T05:37:06;97966.00;;;5.80
8937;BMP180;4503;47.810;13.072;2021-03-02T05:39:32;97964.00;;;5.80
8937;BMP180;4503;47.810;13.072;2021-03-02T05:41:59;97976.00;;;5.90
8937;BMP180;4503;47.810;13.072;2021-03-02T05:44:25;97977.00;;;5.80
8937;BMP180;4503;47.810;13.072;2021-03-02T05:46:51;97971.00;;;5.80
8937;BMP180;4503;47.810;13.072;2021-03-02T05:49:17;97980.00;;;5.80
8937;BMP180;4503;47.810;13.072;2021-03-02T05:51:43;97983.00;;;5.80
8937;BMP180;4503;47.810;13.072;2021-03-02T05:54:11;97986.00;;;5.90
8937;BMP180;4503;47.810;13.072;2021-03-02T05:56:38;97994.00;;;5.90
8937;BMP180;4503;47.810;13.072;2021-03-02T05:59:05;97996.00;;;5.80
8937;BMP180;4503;47.810;13.072;2021-03-02T06:01:31;97988.00;;;5.80
8937;BMP180;4503;47.810;13.072;2021-03-02T06:03:57;98007.00;;;5.80
8937;BMP180;4503;47.810;13.072;2021-03-02T06:06:24;98014.00;;;5.80
8937;BMP180;4503;47.810;13.072;2021-03-02T06:08:50;98009.00;;;5.80
8937;BMP180;4503;47.810;13.072;2021-03-02T06:11:31;98008.00;;;5.80
8937;BMP180;4503;47.810;13.072;2021-03-02T06:14:17;98002.00;;;5.80
8937;BMP180;4503;47.810;13.072;2021-03-02T06:16:51;98026.00;;;5.90
8937;BMP180;4503;47.810;13.072;2021-03-02T06:22:08;98021.00;;;5.90
8937;BMP180;4503;47.810;13.072;2021-03-02T06:24:41;98012.00;;;5.90
8937;BMP180;4503;47.810;13.072;2021-03-02T06:27:12;98028.00;;;5.90
8937;BMP180;4503;47.810;13.072;2021-03-02T06:29:39;98014.00;;;5.90
8937;BMP180;4503;47.810;13.072;2021-03-02T06:32:06;98016.00;;;5.90
8937;BMP180;4503;47.810;13.072;2021-03-02T06:34:32;98018.00;;;6.00
8937;BMP180;4503;47.810;13.072;2021-03-02T06:37:03;98015.00;;;6.00
8937;BMP180;4503;47.810;13.072;2021-03-02T06:39:36;98022.00;;;6.00
8937;BMP180;4503;47.810;13.072;2021-03-02T06:44:52;98027.00;;;6.00
8937;BMP180;4503;47.810;13.072;2021-03-02T06:47:36;98029.00;;;6.00
8937;BMP180;4503;47.810;13.072;2021-03-02T06:50:23;98035.00;;;6.00
8937;BMP180;4503;47.810;13.072;2021-03-02T06:52:49;98030.00;;;6.10
8937;BMP180;4503;47.810;13.072;2021-03-02T06:57:42;98038.00;;;6.10
8937;BMP180;4503;47.810;13.072;2021-03-02T07:00:09;98040.00;;;6.20
8937;BMP180;4503;47.810;13.072;2021-03-02T07:02:42;98047.00;;;6.20
8937;BMP180;4503;47.810;13.072;2021-03-02T07:05:18;98047.00;;;6.30
8937;BMP180;4503;47.810;13.072;2021-03-02T07:07:49;98047.00;;;6.30
8937;BMP180;4503;47.810;13.072;2021-03-02T07:10:25;98055.00;;;6.30
8937;BMP180;4503;47.810;13.072;2021-03-02T07:12:52;98057.00;;;6.30
8937;BMP180;4503;47.810;13.072;2021-03-02T07:15:22;98057.00;;;6.40
8937;BMP180;4503;47.810;13.072;2021-03-02T07:17:53;98054.00;;;6.40
8937;BMP180;4503;47.810;13.072;2021-03-02T07:20:23;98049.00;;;6.40
8937;BMP180;4503;47.810;13.072;2021-03-02T07:22:52;98061.00;;;6.40
8937;BMP180;4503;47.810;13.072;2021-03-02T07:25:23;98054.00;;;6.40
8937;BMP180;4503;47.810;13.072;2021-03-02T07:27:53;98064.00;;;6.40
8937;BMP180;4503;47.810;13.072;2021-03-02T07:30:21;98062.00;;;6.40
8937;BMP180;4503;47.810;13.072;2021-03-02T07:32:48;98065.00;;;6.40
8937;BMP180;4503;47.810;13.072;2021-03-02T07:35:23;98070.00;;;6.40
8937;BMP180;4503;47.810;13.072;2021-03-02T07:37:50;98069.00;;;6.40
8937;BMP180;4503;47.810;13.072;2021-03-02T07:40:19;98071.00;;;6.40
8937;BMP180;4503;47.810;13.072;2021-03-02T07:42:45;98076.00;;;6.50
8937;BMP180;4503;47.810;13.072;2021-03-02T07:47:52;98076.00;;;6.50
8937;BMP180;4503;47.810;13.072;2021-03-02T07:50:31;98086.00;;;6.60
8937;BMP180;4503;47.810;13.072;2021-03-02T07:55:42;98093.00;;;6.60
8937;BMP180;4503;47.810;13.072;2021-03-02T07:58:16;98101.00;;;6.60
8937;BMP180;4503;47.810;13.072;2021-03-02T08:00:44;98098.00;;;6.60
8937;BMP180;4503;47.810;13.072;2021-03-02T08:08:51;98086.00;;;6.80
8937;BMP180;4503;47.810;13.072;2021-03-02T08:11:36;98092.00;;;6.90
8937;BMP180;4503;47.810;13.072;2021-03-02T08:17:18;98095.00;;;7.10
8937;BMP180;4503;47.810;13.072;2021-03-02T08:19:49;98110.00;;;7.20
8937;BMP180;4503;47.810;13.072;2021-03-02T08:24:57;98113.00;;;7.50
8937;BMP180;4503;47.810;13.072;2021-03-02T08:27:49;98110.00;;;7.60
8937;BMP180;4503;47.810;13.072;2021-03-02T08:30:37;98115.00;;;7.80
8937;BMP180;4503;47.810;13.072;2021-03-02T08:33:11;98111.00;;;7.90
8937;BMP180;4503;47.810;13.072;2021-03-02T08:35:46;98113.00;;;8.10
8937;BMP180;4503;47.810;13.072;2021-03-02T08:38:15;98113.00;;;8.20
8937;BMP180;4503;47.810;13.072;2021-03-02T08:40:48;98110.00;;;8.40
8937;BMP180;4503;47.810;13.072;2021-03-02T08:43:19;98117.00;;;8.50
8937;BMP180;4503;47.810;13.072;2021-03-02T08:50:45;98114.00;;;9.00
8937;BMP180;4503;47.810;13.072;2021-03-02T08:55:54;98122.00;;;9.20
8937;BMP180;4503;47.810;13.072;2021-03-02T08:58:35;98132.00;;;9.40
8937;BMP180;4503;47.810;13.072;2021-03-02T09:01:09;98129.00;;;9.50
8937;BMP180;4503;47.810;13.072;2021-03-02T09:03:39;98134.00;;;9.60
8937;BMP180;4503;47.810;13.072;2021-03-02T09:08:57;98125.00;;;9.90
8937;BMP180;4503;47.810;13.072;2021-03-02T09:11:45;98126.00;;;10.00
8937;BMP180;4503;47.810;13.072;2021-03-02T09:14:35;98122.00;;;10.10
8937;BMP180;4503;47.810;13.072;2021-03-02T09:17:04;98124.00;;;10.20
8937;BMP180;4503;47.810;13.072;2021-03-02T09:19:40;98123.00;;;10.40
8937;BMP180;4503;47.810;13.072;2021-03-02T09:24:38;98119.00;;;10.60
8937;BMP180;4503;47.810;13.072;2021-03-02T09:27:16;98129.00;;;10.70
8937;BMP180;4503;47.810;13.072;2021-03-02T09:29:48;98131.00;;;10.80
8937;BMP180;4503;47.810;13.072;2021-03-02T09:32:25;98132.00;;;10.90
8937;BMP180;4503;47.810;13.072;2021-03-02T09:34:59;98133.00;;;11.00
8937;BMP180;4503;47.810;13.072;2021-03-02T09:37:27;98134.00;;;11.10
8937;BMP180;4503;47.810;13.072;2021-03-02T09:40:02;98133.00;;;11.20
8937;BMP180;4503;47.810;13.072;2021-03-02T09:42:31;98133.00;;;11.30
8937;BMP180;4503;47.810;13.072;2021-03-02T09:45:03;98127.00;;;11.40
8937;BMP180;4503;47.810;13.072;2021-03-02T09:47:35;98132.00;;;11.50
8937;BMP180;4503;47.810;13.072;2021-03-02T09:50:13;98126.00;;;11.70
8937;BMP180;4503;47.810;13.072;2021-03-02T09:58:06;98121.00;;;12.00
8937;BMP180;4503;47.810;13.072;2021-03-02T10:03:20;98126.00;;;12.20
8937;BMP180;4503;47.810;13.072;2021-03-02T10:06:02;98128.00;;;12.40
8937;BMP180;4503;47.810;13.072;2021-03-02T10:13:48;98132.00;;;12.80
8937;BMP180;4503;47.810;13.072;2021-03-02T10:16:24;98130.00;;;13.00
8937;BMP180;4503;47.810;13.072;2021-03-02T10:21:47;98132.00;;;13.20
8937;BMP180;4503;47.810;13.072;2021-03-02T10:24:51;98122.00;;;13.30
8937;BMP180;4503;47.810;13.072;2021-03-02T10:27:18;98124.00;;;13.40
8937;BMP180;4503;47.810;13.072;2021-03-02T10:29:47;98128.00;;;13.60
8937;BMP180;4503;47.810;13.072;2021-03-02T10:32:14;98123.00;;;13.70
8937;BMP180;4503;47.810;13.072;2021-03-02T10:34:41;98126.00;;;13.80
8937;BMP180;4503;47.810;13.072;2021-03-02T10:37:12;98128.00;;;13.90
8937;BMP180;4503;47.810;13.072;2021-03-02T10:39:39;98124.00;;;14.00
8937;BMP180;4503;47.810;13.072;2021-03-02T10:42:07;98120.00;;;14.10
8937;BMP180;4503;47.810;13.072;2021-03-02T10:44:35;98118.00;;;14.30
8937;BMP180;4503;47.810;13.072;2021-03-02T10:47:01;98111.00;;;14.40
8937;BMP180;4503;47.810;13.072;2021-03-02T10:49:27;98105.00;;;14.50
8937;BMP180;4503;47.810;13.072;2021-03-02T10:51:53;98112.00;;;14.60
8937;BMP180;4503;47.810;13.072;2021-03-02T10:54:19;98104.00;;;14.70
8937;BMP180;4503;47.810;13.072;2021-03-02T10:56:45;98101.00;;;14.80
8937;BMP180;4503;47.810;13.072;2021-03-02T10:59:11;98097.00;;;15.00
8937;BMP180;4503;47.810;13.072;2021-03-02T11:01:37;98091.00;;;15.20
8937;BMP180;4503;47.810;13.072;2021-03-02T11:04:03;98089.00;;;15.30
8937;BMP180;4503;47.810;13.072;2021-03-02T11:06:29;98100.00;;;15.50
8937;BMP180;4503;47.810;13.072;2021-03-02T11:08:56;98088.00;;;15.60
8937;BMP180;4503;47.810;13.072;2021-03-02T11:11:22;98082.00;;;15.80
8937;BMP180;4503;47.810;13.072;2021-03-02T11:13:49;98091.00;;;16.00
8937;BMP180;4503;47.810;13.072;2021-03-02T11:16:17;98081.00;;;16.40
8937;BMP180;4503;47.810;13.072;2021-03-02T11:18:43;98066.00;;;17.10
8937;BMP180;4503;47.810;13.072;2021-03-02T11:21:11;98074.00;;;18.00
8937;BMP180;4503;47.810;13.072;2021-03-02T11:23:41;98075.00;;;19.00
8937;BMP180;4503;47.810;13.072;2021-03-02T11:26:08;98069.00;;;20.00
8937;BMP180;4503;47.810;13.072;2021-03-02T11:28:36;98072.00;;;20.80
8937;BMP180;4503;47.810;13.072;2021-03-02T11:31:02;98069.00;;;21.30
8937;BMP180;4503;47.810;13.072;2021-03-02T11:33:28;98065.00;;;21.60
8937;BMP180;4503;47.810;13.072;2021-03-02T11:35:54;98063.00;;;21.90
8937;BMP180;4503;47.810;13.072;2021-03-02T11:38:20;98060.00;;;22.40
8937;BMP180;4503;47.810;13.072;2021-03-02T11:40:46;98061.00;;;22.70
8937;BMP180;4503;47.810;13.072;2021-03-02T11:43:12;98064.00;;;23.00
8937;BMP180;4503;47.810;13.072;2021-03-02T11:45:38;98057.00;;;23.10
8937;BMP180;4503;47.810;13.072;2021-03-02T11:48:07;98056.00;;;23.30
8937;BMP180;4503;47.810;13.072;2021-03-02T11:50:34;98054.00;;;23.60
8937;BMP180;4503;47.810;13.072;2021-03-02T11:53:00;98050.00;;;24.00
8937;BMP180;4503;47.810;13.072;2021-03-02T11:55:26;98050.00;;;24.20
8937;BMP180;4503;47.810;13.072;2021-03-02T11:57:52;98048.00;;;24.40
8937;BMP180;4503;47.810;13.072;2021-03-02T12:00:21;98049.00;;;24.40
8937;BMP180;4503;47.810;13.072;2021-03-02T12:02:48;98039.00;;;24.30
8937;BMP180;4503;47.810;13.072;2021-03-02T12:05:17;98038.00;;;24.30
8937;BMP180;4503;47.810;13.072;2021-03-02T12:07:43;98032.00;;;24.30
8937;BMP180;4503;47.810;13.072;2021-03-02T12:10:12;98036.00;;;24.60
8937;BMP180;4503;47.810;13.072;2021-03-02T12:12:40;98029.00;;;24.90
8937;BMP180;4503;47.810;13.072;2021-03-02T12:15:08;98021.00;;;25.20
8937;BMP180;4503;47.810;13.072;2021-03-02T12:17:35;98024.00;;;25.20
8937;BMP180;4503;47.810;13.072;2021-03-02T12:20:01;98017.00;;;25.30
8937;BMP180;4503;47.810;13.072;2021-03-02T12:22:27;98015.00;;;25.40
8937;BMP180;4503;47.810;13.072;2021-03-02T12:24:53;98021.00;;;25.60
8937;BMP180;4503;47.810;13.072;2021-03-02T12:27:19;98012.00;;;25.70
8937;BMP180;4503;47.810;13.072;2021-03-02T12:29:45;98009.00;;;25.80
8937;BMP180;4503;47.810;13.072;2021-03-02T12:32:11;98011.00;;;25.70
8937;BMP180;4503;47.810;13.072;2021-03-02T12:34:37;98014.00;;;25.70
8937;BMP180;4503;47.810;13.072;2021-03-02T12:37:04;98004.00;;;25.70
8937;BMP180;4503;47.810;13.072;2021-03-02T12:39:30;97997.00;;;25.80
8937;BMP180;4503;47.810;13.072;2021-03-02T12:41:56;98008.00;;;25.70
8937;BMP180;4503;47.810;13.072;2021-03-02T12:44:22;98001.00;;;25.70
8937;BMP180;4503;47.810;13.072;2021-03-02T12:46:49;97997.00;;;25.70
8937;BMP180;4503;47.810;13.072;2021-03-02T12:49:15;97995.00;;;25.80
8937;BMP180;4503;47.810;13.072;2021-03-02T12:51:41;98000.00;;;26.00
8937;BMP180;4503;47.810;13.072;2021-03-02T12:54:07;98003.00;;;26.20
8937;BMP180;4503;47.810;13.072;2021-03-02T12:56:34;97991.00;;;26.40
8937;BMP180;4503;47.810;13.072;2021-03-02T12:58:59;97991.00;;;26.40
8937;BMP180;4503;47.810;13.072;2021-03-02T13:01:29;97987.00;;;26.30
8937;BMP180;4503;47.810;13.072;2021-03-02T13:03:59;97989.00;;;26.20
8937;BMP180;4503;47.810;13.072;2021-03-02T13:06:26;97990.00;;;26.20
8937;BMP180;4503;47.810;13.072;2021-03-02T13:08:54;97986.00;;;26.00
8937;BMP180;4503;47.810;13.072;2021-03-02T13:11:21;97984.00;;;25.80
8937;BMP180;4503;47.810;13.072;2021-03-02T13:13:47;97986.00;;;25.80
8937;BMP180;4503;47.810;13.072;2021-03-02T13:16:15;97985.00;;;25.90
8937;BMP180;4503;47.810;13.072;2021-03-02T13:18:47;97982.00;;;26.00
8937;BMP180;4503;47.810;13.072;2021-03-02T13:21:14;97975.00;;;26.00
8937;BMP180;4503;47.810;13.072;2021-03-02T13:23:45;97966.00;;;26.00
8937;BMP180;4503;47.810;13.072;2021-03-02T13:26:25;97979.00;;;26.00
8937;BMP180;4503;47.810;13.072;2021-03-02T13:28:53;97980.00;;;26.00
8937;BMP180;4503;47.810;13.072;2021-03-02T13:31:22;97973.00;;;25.90
8937;BMP180;4503;47.810;13.072;2021-03-02T13:33:51;97970.00;;;25.70
8937;BMP180;4503;47.810;13.072;2021-03-02T13:36:19;97977.00;;;25.60
8937;BMP180;4503;47.810;13.072;2021-03-02T13:38:48;97972.00;;;25.70
8937;BMP180;4503;47.810;13.072;2021-03-02T13:41:14;97976.00;;;25.70
8937;BMP180;4503;47.810;13.072;2021-03-02T13:43:44;97971.00;;;25.70
8937;BMP180;4503;47.810;13.072;2021-03-02T13:46:10;97972.00;;;25.70
8937;BMP180;4503;47.810;13.072;2021-03-02T13:48:37;97972.00;;;25.70
8937;BMP180;4503;47.810;13.072;2021-03-02T13:51:04;97967.00;;;25.80
8937;BMP180;4503;47.810;13.072;2021-03-02T13:53:31;97969.00;;;25.90
8937;BMP180;4503;47.810;13.072;2021-03-02T13:55:58;97966.00;;;25.90
8937;BMP180;4503;47.810;13.072;2021-03-02T13:58:27;97958.00;;;25.90
8937;BMP180;4503;47.810;13.072;2021-03-02T14:00:54;97965.00;;;26.00
8937;BMP180;4503;47.810;13.072;2021-03-02T14:03:22;97956.00;;;25.90
8937;BMP180;4503;47.810;13.072;2021-03-02T14:05:51;97961.00;;;25.80
8937;BMP180;4503;47.810;13.072;2021-03-02T14:08:20;97960.00;;;25.90
8937;BMP180;4503;47.810;13.072;2021-03-02T14:10:47;97964.00;;;25.90
8937;BMP180;4503;47.810;13.072;2021-03-02T14:13:14;97957.00;;;25.90
8937;BMP180;4503;47.810;13.072;2021-03-02T14:15:41;97963.00;;;26.00
8937;BMP180;4503;47.810;13.072;2021-03-02T14:18:08;97962.00;;;26.20
8937;BMP180;4503;47.810;13.072;2021-03-02T14:20:35;97957.00;;;26.20
8937;BMP180;4503;47.810;13.072;2021-03-02T14:23:04;97957.00;;;26.30
8937;BMP180;4503;47.810;13.072;2021-03-02T14:25:30;97954.00;;;26.20
8937;BMP180;4503;47.810;13.072;2021-03-02T14:27:56;97955.00;;;26.20
8937;BMP180;4503;47.810;13.072;2021-03-02T14:30:24;97960.00;;;26.00
8937;BMP180;4503;47.810;13.072;2021-03-02T14:32:50;97955.00;;;25.90
8937;BMP180;4503;47.810;13.072;2021-03-02T14:35:18;97957.00;;;25.90
8937;BMP180;4503;47.810;13.072;2021-03-02T14:37:46;97957.00;;;25.90
8937;BMP180;4503;47.810;13.072;2021-03-02T14:40:13;97949.00;;;26.00
8937;BMP180;4503;47.810;13.072;2021-03-02T14:42:56;97951.00;;;26.10
8937;BMP180;4503;47.810;13.072;2021-03-02T14:45:32;97957.00;;;26.10
8937;BMP180;4503;47.810;13.072;2021-03-02T14:48:10;97954.00;;;26.00
8937;BMP180;4503;47.810;13.072;2021-03-02T14:50:41;97952.00;;;25.90
8937;BMP180;4503;47.810;13.072;2021-03-02T14:53:13;97953.00;;;25.70
8937;BMP180;4503;47.810;13.072;2021-03-02T14:55:50;97945.00;;;25.70
8937;BMP180;4503;47.810;13.072;2021-03-02T14:58:22;97950.00;;;25.70
8937;BMP180;4503;47.810;13.072;2021-03-02T15:00:53;97954.00;;;25.50
8937;BMP180;4503;47.810;13.072;2021-03-02T15:03:23;97941.00;;;25.40
8937;BMP180;4503;47.810;13.072;2021-03-02T15:05:49;97944.00;;;25.30
8937;BMP180;4503;47.810;13.072;2021-03-02T15:08:15;97948.00;;;25.30
8937;BMP180;4503;47.810;13.072;2021-03-02T15:10:42;97944.00;;;25.20
8937;BMP180;4503;47.810;13.072;2021-03-02T15:13:09;97949.00;;;25.20
8937;BMP180;4503;47.810;13.072;2021-03-02T15:15:37;97942.00;;;25.30
8937;BMP180;4503;47.810;13.072;2021-03-02T15:18:05;97947.00;;;25.30
8937;BMP180;4503;47.810;13.072;2021-03-02T15:20:32;97949.00;;;25.20
8937;BMP180;4503;47.810;13.072;2021-03-02T15:23:01;97936.00;;;25.10
8937;BMP180;4503;47.810;13.072;2021-03-02T15:25:31;97943.00;;;25.00
8937;BMP180;4503;47.810;13.072;2021-03-02T15:27:57;97943.00;;;24.90
8937;BMP180;4503;47.810;13.072;2021-03-02T15:30:25;97945.00;;;24.80
8937;BMP180;4503;47.810;13.072;2021-03-02T15:32:52;97947.00;;;24.70
8937;BMP180;4503;47.810;13.072;2021-03-02T15:35:19;97950.00;;;24.70
8937;BMP180;4503;47.810;13.072;2021-03-02T15:37:47;97931.00;;;24.70
8937;BMP180;4503;47.810;13.072;2021-03-02T15:40:16;97944.00;;;24.70
8937;BMP180;4503;47.810;13.072;2021-03-02T15:42:43;97943.00;;;24.80
8937;BMP180;4503;47.810;13.072;2021-03-02T15:45:12;97938.00;;;24.80
8937;BMP180;4503;47.810;13.072;2021-03-02T15:47:40;97940.00;;;24.70
8937;BMP180;4503;47.810;13.072;2021-03-02T15:50:10;97939.00;;;24.70
8937;BMP180;4503;47.810;13.072;2021-03-02T15:52:42;97939.00;;;24.80
8937;BMP180;4503;47.810;13.072;2021-03-02T15:55:09;97937.00;;;24.90
8937;BMP180;4503;47.810;13.072;2021-03-02T15:57:37;97936.00;;;24.90
8937;BMP180;4503;47.810;13.072;2021-03-02T16:00:10;97945.00;;;25.00
8937;BMP180;4503;47.810;13.072;2021-03-02T16:02:39;97939.00;;;25.20
8937;BMP180;4503;47.810;13.072;2021-03-02T16:05:11;97944.00;;;25.30
8937;BMP180;4503;47.810;13.072;2021-03-02T16:07:42;97939.00;;;25.40
8937;BMP180;4503;47.810;13.072;2021-03-02T16:10:14;97941.00;;;25.50
8937;BMP180;4503;47.810;13.072;2021-03-02T16:12:45;97942.00;;;25.60
8937;BMP180;4503;47.810;13.072;2021-03-02T16:15:13;97940.00;;;25.60
8937;BMP180;4503;47.810;13.072;2021-03-02T16:17:46;97941.00;;;25.40
8937;BMP180;4503;47.810;13.072;2021-03-02T16:20:22;97937.00;;;25.30
8937;BMP180;4503;47.810;13.072;2021-03-02T16:23:02;97950.00;;;25.30
8937;BMP180;4503;47.810;13.072;2021-03-02T16:25:31;97944.00;;;25.30
8937;BMP180;4503;47.810;13.072;2021-03-02T16:28:00;97943.00;;;25.20
8937;BMP180;4503;47.810;13.072;2021-03-02T16:30:28;97946.00;;;25.10
8937;BMP180;4503;47.810;13.072;2021-03-02T16:32:58;97948.00;;;24.90
8937;BMP180;4503;47.810;13.072;2021-03-02T16:35:25;97954.00;;;24.80
8937;BMP180;4503;47.810;13.072;2021-03-02T16:37:51;97960.00;;;24.60
8937;BMP180;4503;47.810;13.072;2021-03-02T16:40:24;97956.00;;;24.40
8937;BMP180;4503;47.810;13.072;2021-03-02T16:42:53;97965.00;;;24.10
8937;BMP180;4503;47.810;13.072;2021-03-02T16:45:21;97964.00;;;23.70
8937;BMP180;4503;47.810;13.072;2021-03-02T16:47:51;97968.00;;;23.20
8937;BMP180;4503;47.810;13.072;2021-03-02T16:50:18;97964.00;;;22.70
8937;BMP180;4503;47.810;13.072;2021-03-02T16:52:50;97972.00;;;22.30
8937;BMP180;4503;47.810;13.072;2021-03-02T16:56:03;97969.00;;;21.70
8937;BMP180;4503;47.810;13.072;2021-03-02T16:58:34;97977.00;;;21.20
8937;BMP180;4503;47.810;13.072;2021-03-02T17:01:24;97973.00;;;20.80
8937;BMP180;4503;47.810;13.072;2021-03-02T17:03:57;97974.00;;;20.40
8937;BMP180;4503;47.810;13.072;2021-03-02T17:06:28;97978.00;;;20.00
8937;BMP180;4503;47.810;13.072;2021-03-02T17:08:59;97979.00;;;19.70
8937;BMP180;4503;47.810;13.072;2021-03-02T17:11:26;97983.00;;;19.40
8937;BMP180;4503;47.810;13.072;2021-03-02T17:13:52;97982.00;;;19.10
8937;BMP180;4503;47.810;13.072;2021-03-02T17:16:18;97986.00;;;18.80
8937;BMP180;4503;47.810;13.072;2021-03-02T17:18:44;97986.00;;;18.60
8937;BMP180;4503;47.810;13.072;2021-03-02T17:21:11;97994.00;;;18.30
8937;BMP180;4503;47.810;13.072;2021-03-02T17:23:37;97995.00;;;18.00
8937;BMP180;4503;47.810;13.072;2021-03-02T17:26:05;97997.00;;;17.80
8937;BMP180;4503;47.810;13.072;2021-03-02T17:28:32;97993.00;;;17.60
8937;BMP180;4503;47.810;13.072;2021-03-02T17:30:58;97993.00;;;17.30
8937;BMP180;4503;47.810;13.072;2021-03-02T17:33:29;97996.00;;;17.10
8937;BMP180;4503;47.810;13.072;2021-03-02T17:35:56;97997.00;;;16.90
8937;BMP180;4503;47.810;13.072;2021-03-02T17:38:23;97999.00;;;16.80
8937;BMP180;4503;47.810;13.072;2021-03-02T17:40:50;97999.00;;;16.60
8937;BMP180;4503;47.810;13.072;2021-03-02T17:43:16;98001.00;;;16.50
8937;BMP180;4503;47.810;13.072;2021-03-02T17:45:43;98004.00;;;16.30
8937;BMP180;4503;47.810;13.072;2021-03-02T17:48:11;97999.00;;;16.20
8937;BMP180;4503;47.810;13.072;2021-03-02T17:50:37;98004.00;;;16.00
8937;BMP180;4503;47.810;13.072;2021-03-02T17:53:16;98008.00;;;15.80
8937;BMP180;4503;47.810;13.072;2021-03-02T17:55:42;98018.00;;;15.70
8937;BMP180;4503;47.810;13.072;2021-03-02T17:58:08;98010.00;;;15.60
8937;BMP180;4503;47.810;13.072;2021-03-02T18:00:34;98006.00;;;15.50
8937;BMP180;4503;47.810;13.072;2021-03-02T18:03:00;98022.00;;;15.40
8937;BMP180;4503;47.810;13.072;2021-03-02T18:05:26;98009.00;;;15.20
8937;BMP180;4503;47.810;13.072;2021-03-02T18:07:51;98011.00;;;15.10
8937;BMP180;4503;47.810;13.072;2021-03-02T18:10:17;98014.00;;;15.00
8937;BMP180;4503;47.810;13.072;2021-03-02T18:12:44;98014.00;;;14.80
8937;BMP180;4503;47.810;13.072;2021-03-02T18:15:10;98007.00;;;14.70
8937;BMP180;4503;47.810;13.072;2021-03-02T18:17:36;98002.00;;;14.60
8937;BMP180;4503;47.810;13.072;2021-03-02T18:20:04;97997.00;;;14.60
8937;BMP180;4503;47.810;13.072;2021-03-02T18:22:30;97998.00;;;14.50
8937;BMP180;4503;47.810;13.072;2021-03-02T18:24:56;97999.00;;;14.50
8937;BMP180;4503;47.810;13.072;2021-03-02T18:27:22;98009.00;;;14.40
8937;BMP180;4503;47.810;13.072;2021-03-02T18:29:47;98005.00;;;14.30
8937;BMP180;4503;47.810;13.072;2021-03-02T18:32:13;98005.00;;;14.20
8937;BMP180;4503;47.810;13.072;2021-03-02T18:34:39;98004.00;;;14.20
8937;BMP180;4503;47.810;13.072;2021-03-02T18:37:05;98007.00;;;14.10
8937;BMP180;4503;47.810;13.072;2021-03-02T18:39:31;98007.00;;;14.00
8937;BMP180;4503;47.810;13.072;2021-03-02T18:41:57;98010.00;;;14.00
8937;BMP180;4503;47.810;13.072;2021-03-02T18:44:23;98009.00;;;13.90
8937;BMP180;4503;47.810;13.072;2021-03-02T18:46:50;98007.00;;;13.80
8937;BMP180;4503;47.810;13.072;2021-03-02T18:49:16;98001.00;;;13.70
8937;BMP180;4503;47.810;13.072;2021-03-02T18:51:43;97995.00;;;13.70
8937;BMP180;4503;47.810;13.072;2021-03-02T18:54:10;98001.00;;;13.70
8937;BMP180;4503;47.810;13.072;2021-03-02T18:56:40;98003.00;;;13.60
8937;BMP180;4503;47.810;13.072;2021-03-02T18:59:07;98014.00;;;13.60
8937;BMP180;4503;47.810;13.072;2021-03-02T19:01:34;98003.00;;;13.50
8937;BMP180;4503;47.810;13.072;2021-03-02T19:04:01;98010.00;;;13.50
8937;BMP180;4503;47.810;13.072;2021-03-02T19:06:27;98015.00;;;13.40
8937;BMP180;4503;47.810;13.072;2021-03-02T19:08:54;98013.00;;;13.40
8937;BMP180;4503;47.810;13.072;2021-03-02T19:11:20;98017.00;;;13.30
8937;BMP180;4503;47.810;13.072;2021-03-02T19:13:46;98016.00;;;13.20
8937;BMP180;4503;47.810;13.072;2021-03-02T19:16:12;98012.00;;;13.10
8937;BMP180;4503;47.810;13.072;2021-03-02T19:18:38;98015.00;;;13.10
8937;BMP180;4503;47.810;13.072;2021-03-02T19:21:08;98022.00;;;13.10
8937;BMP180;4503;47.810;13.072;2021-03-02T19:23:35;98013.00;;;13.10
8937;BMP180;4503;47.810;13.072;2021-03-02T19:26:02;98016.00;;;13.10
8937;BMP180;4503;47.810;13.072;2021-03-02T19:28:29;98023.00;;;13.00
8937;BMP180;4503;47.810;13.072;2021-03-02T19:30:55;98021.00;;;13.00
8937;BMP180;4503;47.810;13.072;2021-03-02T19:33:21;98011.00;;;13.00
8937;BMP180;4503;47.810;13.072;2021-03-02T19:35:47;98012.00;;;12.90
8937;BMP180;4503;47.810;13.072;2021-03-02T19:38:13;98015.00;;;12.90
8937;BMP180;4503;47.810;13.072;2021-03-02T19:40:41;98010.00;;;12.80
8937;BMP180;4503;47.810;13.072;2021-03-02T19:43:07;98021.00;;;12.80
8937;BMP180;4503;47.810;13.072;2021-03-02T19:45:32;98016.00;;;12.70
8937;BMP180;4503;47.810;13.072;2021-03-02T19:47:58;98032.00;;;12.70
8937;BMP180;4503;47.810;13.072;2021-03-02T19:50:24;98021.00;;;12.60
8937;BMP180;4503;47.810;13.072;2021-03-02T19:52:50;98028.00;;;12.60
8937;BMP180;4503;47.810;13.072;2021-03-02T19:55:16;98024.00;;;12.60
8937;BMP180;4503;47.810;13.072;2021-03-02T19:57:42;98024.00;;;12.60
8937;BMP180;4503;47.810;13.072;2021-03-02T20:00:10;98028.00;;;12.50
8937;BMP180;4503;47.810;13.072;2021-03-02T20:02:37;98028.00;;;12.50
8937;BMP180;4503;47.810;13.072;2021-03-02T20:05:04;98028.00;;;12.50
8937;BMP180;4503;47.810;13.072;2021-03-02T20:07:31;98022.00;;;12.40
8937;BMP180;4503;47.810;13.072;2021-03-02T20:09:57;98030.00;;;12.40
8937;BMP180;4503;47.810;13.072;2021-03-02T20:12:23;98030.00;;;12.30
8937;BMP180;4503;47.810;13.072;2021-03-02T20:14:49;98035.00;;;12.20
8937;BMP180;4503;47.810;13.072;2021-03-02T20:17:19;98036.00;;;12.20
8937;BMP180;4503;47.810;13.072;2021-03-02T20:19:47;98039.00;;;12.10
8937;BMP180;4503;47.810;13.072;2021-03-02T20:22:13;98049.00;;;12.10
8937;BMP180;4503;47.810;13.072;2021-03-02T20:24:41;98038.00;;;12.10
8937;BMP180;4503;47.810;13.072;2021-03-02T20:27:09;98036.00;;;12.00
8937;BMP180;4503;47.810;13.072;2021-03-02T20:29:36;98043.00;;;12.00
8937;BMP180;4503;47.810;13.072;2021-03-02T20:32:02;98043.00;;;11.90
8937;BMP180;4503;47.810;13.072;2021-03-02T20:34:28;98036.00;;;11.80
8937;BMP180;4503;47.810;13.072;2021-03-02T20:36:54;98042.00;;;11.80
8937;BMP180;4503;47.810;13.072;2021-03-02T20:39:20;98037.00;;;11.80
8937;BMP180;4503;47.810;13.072;2021-03-02T20:41:47;98037.00;;;11.80
8937;BMP180;4503;47.810;13.072;2021-03-02T20:44:12;98039.00;;;11.70
8937;BMP180;4503;47.810;13.072;2021-03-02T20:46:38;98043.00;;;11.70
8937;BMP180;4503;47.810;13.072;2021-03-02T20:49:04;98054.00;;;11.70
8937;BMP180;4503;47.810;13.072;2021-03-02T20:51:30;98045.00;;;11.60
8937;BMP180;4503;47.810;13.072;2021-03-02T20:53:56;98054.00;;;11.50
8937;BMP180;4503;47.810;13.072;2021-03-02T20:56:22;98051.00;;;11.40
8937;BMP180;4503;47.810;13.072;2021-03-02T20:58:47;98052.00;;;11.40
8937;BMP180;4503;47.810;13.072;2021-03-02T21:01:13;98052.00;;;11.30
8937;BMP180;4503;47.810;13.072;2021-03-02T21:03:39;98053.00;;;11.30
8937;BMP180;4503;47.810;13.072;2021-03-02T21:06:05;98052.00;;;11.30
8937;BMP180;4503;47.810;13.072;2021-03-02T21:08:31;98054.00;;;11.30
8937;BMP180;4503;47.810;13.072;2021-03-02T21:10:57;98040.00;;;11.20
8937;BMP180;4503;47.810;13.072;2021-03-02T21:13:23;98051.00;;;11.20
8937;BMP180;4503;47.810;13.072;2021-03-02T21:15:49;98046.00;;;11.20
8937;BMP180;4503;47.810;13.072;2021-03-02T21:18:15;98049.00;;;11.20
8937;BMP180;4503;47.810;13.072;2021-03-02T21:20:41;98043.00;;;11.10
8937;BMP180;4503;47.810;13.072;2021-03-02T21:23:07;98045.00;;;11.10
8937;BMP180;4503;47.810;13.072;2021-03-02T21:25:33;98045.00;;;11.00
8937;BMP180;4503;47.810;13.072;2021-03-02T21:27:59;98044.00;;;11.00
8937;BMP180;4503;47.810;13.072;2021-03-02T21:30:25;98047.00;;;10.90
8937;BMP180;4503;47.810;13.072;2021-03-02T21:32:51;98040.00;;;10.90
8937;BMP180;4503;47.810;13.072;2021-03-02T21:35:18;98040.00;;;10.80
8937;BMP180;4503;47.810;13.072;2021-03-02T21:37:44;98042.00;;;10.80
8937;BMP180;4503;47.810;13.072;2021-03-02T21:40:11;98041.00;;;10.80
8937;BMP180;4503;47.810;13.072;2021-03-02T21:42:38;98039.00;;;10.70
8937;BMP180;4503;47.810;13.072;2021-03-02T21:45:06;98046.00;;;10.70
8937;BMP180;4503;47.810;13.072;2021-03-02T21:47:33;98044.00;;;10.70
8937;BMP180;4503;47.810;13.072;2021-03-02T21:49:59;98041.00;;;10.60
8937;BMP180;4503;47.810;13.072;2021-03-02T21:52:24;98047.00;;;10.60
8937;BMP180;4503;47.810;13.072;2021-03-02T21:54:50;98050.00;;;10.50
8937;BMP180;4503;47.810;13.072;2021-03-02T21:57:19;98053.00;;;10.50
8937;BMP180;4503;47.810;13.072;2021-03-02T21:59:45;98044.00;;;10.40
8937;BMP180;4503;47.810;13.072;2021-03-02T22:02:11;98045.00;;;10.40
8937;BMP180;4503;47.810;13.072;2021-03-02T22:04:36;98045.00;;;10.40
8937;BMP180;4503;47.810;13.072;2021-03-02T22:07:08;98053.00;;;10.30
8937;BMP180;4503;47.810;13.072;2021-03-02T22:09:35;98048.00;;;10.30
8937;BMP180;4503;47.810;13.072;2021-03-02T22:12:02;98048.00;;;10.20
8937;BMP180;4503;47.810;13.072;2021-03-02T22:14:29;98054.00;;;10.20
8937;BMP180;4503;47.810;13.072;2021-03-02T22:16:55;98050.00;;;10.10
8937;BMP180;4503;47.810;13.072;2021-03-02T22:19:21;98046.00;;;10.10
8937;BMP180;4503;47.810;13.072;2021-03-02T22:21:47;98046.00;;;10.10
8937;BMP180;4503;47.810;13.072;2021-03-02T22:24:13;98035.00;;;10.10
8937;BMP180;4503;47.810;13.072;2021-03-02T22:26:39;98044.00;;;10.00
8937;BMP180;4503;47.810;13.072;2021-03-02T22:29:05;98040.00;;;10.00
8937;BMP180;4503;47.810;13.072;2021-03-02T22:31:32;98044.00;;;10.00
8937;BMP180;4503;47.810;13.072;2021-03-02T22:33:58;98037.00;;;9.90
8937;BMP180;4503;47.810;13.072;2021-03-02T22:36:24;98044.00;;;9.90
8937;BMP180;4503;47.810;13.072;2021-03-02T22:38:50;98036.00;;;9.90
8937;BMP180;4503;47.810;13.072;2021-03-02T22:41:22;98047.00;;;9.80
8937;BMP180;4503;47.810;13.072;2021-03-02T22:43:49;98035.00;;;9.80
8937;BMP180;4503;47.810;13.072;2021-03-02T22:46:16;98048.00;;;9.80
8937;BMP180;4503;47.810;13.072;2021-03-02T22:48:42;98042.00;;;9.70
8937;BMP180;4503;47.810;13.072;2021-03-02T22:51:08;98042.00;;;9.70
8937;BMP180;4503;47.810;13.072;2021-03-02T22:53:35;98036.00;;;9.70
8937;BMP180;4503;47.810;13.072;2021-03-02T22:56:02;98037.00;;;9.60
8937;BMP180;4503;47.810;13.072;2021-03-02T22:58:29;98031.00;;;9.60
8937;BMP180;4503;47.810;13.072;2021-03-02T23:00:55;98032.00;;;9.60
8937;BMP180;4503;47.810;13.072;2021-03-02T23:03:22;98029.00;;;9.50
8937;BMP180;4503;47.810;13.072;2021-03-02T23:05:49;98034.00;;;9.50
8937;BMP180;4503;47.810;13.072;2021-03-02T23:08:17;98041.00;;;9.40
8937;BMP180;4503;47.810;13.072;2021-03-02T23:10:44;98025.00;;;9.40
8937;BMP180;4503;47.810;13.072;2021-03-02T23:13:11;98025.00;;;9.30
8937;BMP180;4503;47.810;13.072;2021-03-02T23:15:37;98017.00;;;9.30
8937;BMP180;4503;47.810;13.072;2021-03-02T23:18:05;98024.00;;;9.30
8937;BMP180;4503;47.810;13.072;2021-03-02T23:20:32;98032.00;;;9.20
8937;BMP180;4503;47.810;13.072;2021-03-02T23:22:58;98026.00;;;9.20
8937;BMP180;4503;47.810;13.072;2021-03-02T23:25:25;98012.00;;;9.20
8937;BMP180;4503;47.810;13.072;2021-03-02T23:27:50;98030.00;;;9.20
8937;BMP180;4503;47.810;13.072;2021-03-02T23:30:18;98027.00;;;9.20
8937;BMP180;4503;47.810;13.072;2021-03-02T23:32:45;98030.00;;;9.20
8937;BMP180;4503;47.810;13.072;2021-03-02T23:35:14;98028.00;;;9.20
8937;BMP180;4503;47.810;13.072;2021-03-02T23:37:41;98033.00;;;9.20
8937;BMP180;4503;47.810;13.072;2021-03-02T23:40:08;98031.00;;;9.20
8937;BMP180;4503;47.810;13.072;2021-03-02T23:42:35;98031.00;;;9.20
8937;BMP180;4503;47.810;13.072;2021-03-02T23:45:01;98028.00;;;9.10
8937;BMP180;4503;47.810;13.072;2021-03-02T23:47:27;98031.00;;;9.10
8937;BMP180;4503;47.810;13.072;2021-03-02T23:49:53;98025.00;;;9.10
8937;BMP180;4503;47.810;13.072;2021-03-02T23:52:19;98027.00;;;9.10
8937;BMP180;4503;47.810;13.072;2021-03-02T23:54:45;98023.00;;;9.10
8937;BMP180;4503;47.810;13.072;2021-03-02T23:57:11;98025.00;;;9.10
8937;BMP180;4503;47.810;13.072;2021-03-02T23:59:37;98029.00;;;9.10
