sensor_id;sensor_type;location;lat;lon;timestamp;noise_LAeq;noise_LA_min;noise_LA_max;noise_LA01;noise_LA95
37223;Laerm;28026;48.562;14.440;2021-03-03T00:00:11;39.08;34.69;42.65;;
37223;Laerm;28026;48.562;14.440;2021-03-03T00:02:43;39.22;35.31;42.16;;
37223;Laerm;28026;48.562;14.440;2021-03-03T00:05:14;39.40;35.04;44.31;;
37223;Laerm;28026;48.562;14.440;2021-03-03T00:07:45;38.94;34.31;42.71;;
37223;Laerm;28026;48.562;14.440;2021-03-03T00:10:16;38.98;34.69;41.68;;
37223;Laerm;28026;48.562;14.440;2021-03-03T00:12:47;39.00;33.90;41.82;;
37223;Laerm;28026;48.562;14.440;2021-03-03T00:15:18;38.34;32.35;41.33;;
37223;Laerm;28026;48.562;14.440;2021-03-03T00:17:49;37.60;31.68;40.62;;
37223;Laerm;28026;48.562;14.440;2021-03-03T00:20:20;37.44;32.35;40.89;;
37223;Laerm;28026;48.562;14.440;2021-03-03T00:22:51;37.67;32.93;41.22;;
37223;Laerm;28026;48.562;14.440;2021-03-03T00:25:24;37.66;31.68;41.14;;
37223;Laerm;28026;48.562;14.440;2021-03-03T00:27:55;37.96;33.90;46.94;;
37223;Laerm;28026;48.562;14.440;2021-03-03T00:30:25;38.42;33.90;41.46;;
37223;Laerm;28026;48.562;14.440;2021-03-03T00:32:56;37.91;33.90;41.14;;
37223;Laerm;28026;48.562;14.440;2021-03-03T00:35:28;37.72;32.35;42.76;;
37223;Laerm;28026;48.562;14.440;2021-03-03T00:37:59;37.88;32.93;42.69;;
37223;Laerm;28026;48.562;14.440;2021-03-03T00:40:30;38.02;31.68;41.22;;
37223;Laerm;28026;48.562;14.440;2021-03-03T00:43:01;38.07;33.90;43.60;;
37223;Laerm;28026;48.562;14.440;2021-03-03T00:45:32;38.21;34.31;41.22;;
37223;Laerm;28026;48.562;14.440;2021-03-03T00:48:04;38.51;33.90;41.68;;
37223;Laerm;28026;48.562;14.440;2021-03-03T00:50:35;38.46;33.90;48.92;;
37223;Laerm;28026;48.562;14.440;2021-03-03T00:53:11;38.37;34.31;44.65;;
37223;Laerm;28026;48.562;14.440;2021-03-03T00:55:42;38.33;33.44;41.46;;
37223;Laerm;28026;48.562;14.440;2021-03-03T00:58:20;38.14;34.31;42.19;;
37223;Laerm;28026;48.562;14.440;2021-03-03T01:00:51;38.26;32.93;41.22;;
37223;Laerm;28026;48.562;14.440;2021-03-03T01:03:22;39.22;34.69;45.69;;
37223;Laerm;28026;48.562;14.440;2021-03-03T01:05:53;39.28;35.36;48.26;;
37223;Laerm;28026;48.562;14.440;2021-03-03T01:08:23;38.34;33.09;53.34;;
37223;Laerm;28026;48.562;14.440;2021-03-03T01:10:54;38.48;33.90;45.20;;
37223;Laerm;28026;48.562;14.440;2021-03-03T01:13:25;39.06;33.90;44.03;;
37223;Laerm;28026;48.562;14.440;2021-03-03T01:15:56;38.74;34.31;65.02;;
37223;Laerm;28026;48.562;14.440;2021-03-03T01:18:27;38.10;33.90;58.84;;
37223;Laerm;28026;48.562;14.440;2021-03-03T01:20:58;38.20;33.90;52.87;;
37223;Laerm;28026;48.562;14.440;2021-03-03T01:23:29;38.10;34.31;41.22;;
37223;Laerm;28026;48.562;14.440;2021-03-03T01:26:00;39.22;35.01;47.86;;
37223;Laerm;28026;48.562;14.440;2021-03-03T01:28:31;39.20;35.04;46.38;;
37223;Laerm;28026;48.562;14.440;2021-03-03T01:31:02;39.67;34.69;43.49;;
37223;Laerm;28026;48.562;14.440;2021-03-03T01:33:33;40.05;35.94;61.94;;
37223;Laerm;28026;48.562;14.440;2021-03-03T01:36:04;39.45;35.36;56.98;;
37223;Laerm;28026;48.562;14.440;2021-03-03T01:38:35;38.87;35.04;55.43;;
37223;Laerm;28026;48.562;14.440;2021-03-03T01:41:06;41.28;35.36;67.27;;
37223;Laerm;28026;48.562;14.440;2021-03-03T01:43:37;39.22;34.31;48.51;;
37223;Laerm;28026;48.562;14.440;2021-03-03T01:46:08;40.80;36.45;54.48;;
37223;Laerm;28026;48.562;14.440;2021-03-03T01:48:39;39.19;32.58;60.55;;
37223;Laerm;28026;48.562;14.440;2021-03-03T01:51:10;37.81;32.35;53.21;;
37223;Laerm;28026;48.562;14.440;2021-03-03T01:53:42;37.82;33.44;41.22;;
37223;Laerm;28026;48.562;14.440;2021-03-03T01:56:13;38.27;32.93;63.49;;
37223;Laerm;28026;48.562;14.440;2021-03-03T01:58:44;37.58;33.44;40.62;;
37223;Laerm;28026;48.562;14.440;2021-03-03T02:01:16;38.25;32.35;55.40;;
37223;Laerm;28026;48.562;14.440;2021-03-03T02:03:48;40.49;34.69;71.27;;
37223;Laerm;28026;48.562;14.440;2021-03-03T02:06:56;38.78;33.44;54.29;;
37223;Laerm;28026;48.562;14.440;2021-03-03T02:16:01;39.75;34.69;65.27;;
37223;Laerm;28026;48.562;14.440;2021-03-03T02:18:36;41.35;34.31;60.86;;
37223;Laerm;28026;48.562;14.440;2021-03-03T02:24:22;37.84;33.44;55.41;;
37223;Laerm;28026;48.562;14.440;2021-03-03T02:26:56;37.69;33.44;50.57;;
37223;Laerm;28026;48.562;14.440;2021-03-03T02:29:30;38.13;32.35;41.75;;
37223;Laerm;28026;48.562;14.440;2021-03-03T02:32:02;38.61;33.90;43.90;;
37223;Laerm;28026;48.562;14.440;2021-03-03T02:34:33;38.89;33.97;43.14;;
37223;Laerm;28026;48.562;14.440;2021-03-03T02:37:05;39.09;34.69;42.59;;
37223;Laerm;28026;48.562;14.440;2021-03-03T02:39:38;39.49;33.90;45.51;;
37223;Laerm;28026;48.562;14.440;2021-03-03T02:42:12;38.99;35.04;47.44;;
37223;Laerm;28026;48.562;14.440;2021-03-03T02:44:45;40.61;35.04;54.05;;
37223;Laerm;28026;48.562;14.440;2021-03-03T02:47:19;39.14;32.93;44.80;;
37223;Laerm;28026;48.562;14.440;2021-03-03T02:49:50;37.98;32.93;41.89;;
37223;Laerm;28026;48.562;14.440;2021-03-03T02:52:21;38.65;33.44;43.14;;
37223;Laerm;28026;48.562;14.440;2021-03-03T02:54:54;40.20;33.09;47.54;;
37223;Laerm;28026;48.562;14.440;2021-03-03T02:57:26;40.25;34.31;51.71;;
37223;Laerm;28026;48.562;14.440;2021-03-03T02:59:57;37.94;32.35;42.09;;
37223;Laerm;28026;48.562;14.440;2021-03-03T03:02:29;38.22;31.68;42.42;;
37223;Laerm;28026;48.562;14.440;2021-03-03T03:05:05;38.11;33.90;40.89;;
37223;Laerm;28026;48.562;14.440;2021-03-03T03:07:46;38.71;33.90;42.03;;
37223;Laerm;28026;48.562;14.440;2021-03-03T03:10:20;41.10;35.04;45.86;;
37223;Laerm;28026;48.562;14.440;2021-03-03T03:12:57;41.57;35.36;50.06;;
37223;Laerm;28026;48.562;14.440;2021-03-03T03:15:33;40.40;34.31;47.22;;
37223;Laerm;28026;48.562;14.440;2021-03-03T03:18:15;38.83;34.69;43.14;;
37223;Laerm;28026;48.562;14.440;2021-03-03T03:20:50;39.82;34.31;44.19;;
37223;Laerm;28026;48.562;14.440;2021-03-03T03:23:24;43.85;40.98;45.57;;
37223;Laerm;28026;48.562;14.440;2021-03-03T03:25:57;41.16;36.20;45.69;;
37223;Laerm;28026;48.562;14.440;2021-03-03T03:28:28;38.88;34.31;42.71;;
37223;Laerm;28026;48.562;14.440;2021-03-03T03:31:01;39.83;34.31;46.48;;
37223;Laerm;28026;48.562;14.440;2021-03-03T03:33:33;40.11;35.94;45.04;;
37223;Laerm;28026;48.562;14.440;2021-03-03T03:36:05;40.04;35.94;44.23;;
37223;Laerm;28026;48.562;14.440;2021-03-03T03:38:37;40.93;35.66;44.97;;
37223;Laerm;28026;48.562;14.440;2021-03-03T03:41:08;42.17;35.66;57.37;;
37223;Laerm;28026;48.562;14.440;2021-03-03T03:43:41;40.88;34.69;55.51;;
37223;Laerm;28026;48.562;14.440;2021-03-03T03:46:14;40.49;34.69;52.02;;
37223;Laerm;28026;48.562;14.440;2021-03-03T03:48:45;40.69;36.45;45.45;;
37223;Laerm;28026;48.562;14.440;2021-03-03T03:51:16;41.33;36.69;49.15;;
37223;Laerm;28026;48.562;14.440;2021-03-03T03:53:48;42.17;34.69;58.07;;
37223;Laerm;28026;48.562;14.440;2021-03-03T03:56:19;40.48;35.66;50.01;;
37223;Laerm;28026;48.562;14.440;2021-03-03T03:58:50;40.99;34.69;55.55;;
37223;Laerm;28026;48.562;14.440;2021-03-03T04:01:21;39.85;35.36;45.23;;
37223;Laerm;28026;48.562;14.440;2021-03-03T04:03:52;42.44;36.20;54.62;;
37223;Laerm;28026;48.562;14.440;2021-03-03T04:06:23;41.46;36.69;45.27;;
37223;Laerm;28026;48.562;14.440;2021-03-03T04:08:53;42.01;35.04;58.25;;
37223;Laerm;28026;48.562;14.440;2021-03-03T04:11:24;39.52;35.36;42.98;;
37223;Laerm;28026;48.562;14.440;2021-03-03T04:13:55;42.50;35.94;53.57;;
37223;Laerm;28026;48.562;14.440;2021-03-03T04:16:26;42.59;38.52;46.33;;
37223;Laerm;28026;48.562;14.440;2021-03-03T04:18:57;42.47;37.88;48.31;;
37223;Laerm;28026;48.562;14.440;2021-03-03T04:21:28;42.28;36.91;51.84;;
37223;Laerm;28026;48.562;14.440;2021-03-03T04:23:59;41.82;36.45;55.88;;
37223;Laerm;28026;48.562;14.440;2021-03-03T04:26:30;40.71;36.69;45.75;;
37223;Laerm;28026;48.562;14.440;2021-03-03T04:29:01;40.99;36.45;47.36;;
37223;Laerm;28026;48.562;14.440;2021-03-03T04:31:32;40.30;35.66;46.25;;
37223;Laerm;28026;48.562;14.440;2021-03-03T04:34:03;43.86;35.94;54.41;;
37223;Laerm;28026;48.562;14.440;2021-03-03T04:36:33;42.73;37.12;49.02;;
37223;Laerm;28026;48.562;14.440;2021-03-03T04:39:05;42.14;37.32;49.97;;
37223;Laerm;28026;48.562;14.440;2021-03-03T04:41:36;42.19;37.88;50.48;;
37223;Laerm;28026;48.562;14.440;2021-03-03T04:44:06;42.53;38.52;46.84;;
37223;Laerm;28026;48.562;14.440;2021-03-03T04:46:37;42.98;39.08;51.40;;
37223;Laerm;28026;48.562;14.440;2021-03-03T04:49:08;45.96;40.53;52.96;;
37223;Laerm;28026;48.562;14.440;2021-03-03T04:51:39;47.63;42.29;57.09;;
37223;Laerm;28026;48.562;14.440;2021-03-03T04:54:10;44.14;39.46;50.89;;
37223;Laerm;28026;48.562;14.440;2021-03-03T04:56:42;43.20;37.52;55.97;;
37223;Laerm;28026;48.562;14.440;2021-03-03T04:59:12;42.03;38.05;46.84;;
37223;Laerm;28026;48.562;14.440;2021-03-03T05:01:43;40.90;36.69;44.83;;
37223;Laerm;28026;48.562;14.440;2021-03-03T05:04:14;43.17;38.67;48.99;;
37223;Laerm;28026;48.562;14.440;2021-03-03T05:06:45;42.22;38.21;55.71;;
37223;Laerm;28026;48.562;14.440;2021-03-03T05:09:17;44.10;37.52;58.63;;
37223;Laerm;28026;48.562;14.440;2021-03-03T05:11:48;43.49;39.58;50.38;;
37223;Laerm;28026;48.562;14.440;2021-03-03T05:14:19;43.63;38.95;53.82;;
37223;Laerm;28026;48.562;14.440;2021-03-03T05:16:50;42.19;38.95;50.09;;
37223;Laerm;28026;48.562;14.440;2021-03-03T05:19:21;43.13;39.81;48.12;;
37223;Laerm;28026;48.562;14.440;2021-03-03T05:21:52;49.11;42.29;56.90;;
37223;Laerm;28026;48.562;14.440;2021-03-03T05:24:22;48.12;42.16;58.17;;
37223;Laerm;28026;48.562;14.440;2021-03-03T05:26:53;47.08;41.06;60.01;;
37223;Laerm;28026;48.562;14.440;2021-03-03T05:29:24;43.92;40.03;52.51;;
37223;Laerm;28026;48.562;14.440;2021-03-03T05:31:55;43.00;38.81;50.67;;
37223;Laerm;28026;48.562;14.440;2021-03-03T05:34:26;42.95;38.05;51.03;;
37223;Laerm;28026;48.562;14.440;2021-03-03T05:36:58;42.37;38.52;51.04;;
37223;Laerm;28026;48.562;14.440;2021-03-03T05:39:29;46.52;40.54;55.80;;
37223;Laerm;28026;48.562;14.440;2021-03-03T05:42:02;44.98;40.03;54.96;;
37223;Laerm;28026;48.562;14.440;2021-03-03T05:44:34;46.01;40.80;54.57;;
37223;Laerm;28026;48.562;14.440;2021-03-03T05:47:06;44.60;41.06;52.19;;
37223;Laerm;28026;48.562;14.440;2021-03-03T05:49:43;44.18;40.62;50.71;;
37223;Laerm;28026;48.562;14.440;2021-03-03T05:52:18;46.06;40.71;58.30;;
37223;Laerm;28026;48.562;14.440;2021-03-03T05:54:50;43.75;38.81;48.40;;
37223;Laerm;28026;48.562;14.440;2021-03-03T05:57:22;43.24;38.05;53.32;;
37223;Laerm;28026;48.562;14.440;2021-03-03T05:59:55;44.36;40.98;49.87;;
37223;Laerm;28026;48.562;14.440;2021-03-03T06:02:28;44.65;41.14;55.78;;
37223;Laerm;28026;48.562;14.440;2021-03-03T06:04:59;47.05;39.81;67.39;;
37223;Laerm;28026;48.562;14.440;2021-03-03T06:07:31;47.49;38.95;66.20;;
37223;Laerm;28026;48.562;14.440;2021-03-03T06:10:06;43.65;40.80;51.25;;
37223;Laerm;28026;48.562;14.440;2021-03-03T06:12:38;44.51;41.22;51.77;;
37223;Laerm;28026;48.562;14.440;2021-03-03T06:15:09;45.30;41.82;57.10;;
37223;Laerm;28026;48.562;14.440;2021-03-03T06:17:41;45.26;41.14;51.14;;
37223;Laerm;28026;48.562;14.440;2021-03-03T06:20:13;43.96;40.33;51.92;;
37223;Laerm;28026;48.562;14.440;2021-03-03T06:22:44;43.22;37.52;55.39;;
37223;Laerm;28026;48.562;14.440;2021-03-03T06:25:20;42.61;38.37;50.65;;
37223;Laerm;28026;48.562;14.440;2021-03-03T06:27:53;42.09;38.81;50.66;;
37223;Laerm;28026;48.562;14.440;2021-03-03T06:30:29;42.03;37.52;48.76;;
37223;Laerm;28026;48.562;14.440;2021-03-03T06:33:07;42.61;38.52;54.38;;
37223;Laerm;28026;48.562;14.440;2021-03-03T06:35:46;42.63;40.03;56.01;;
37223;Laerm;28026;48.562;14.440;2021-03-03T06:38:30;45.30;40.53;61.43;;
37223;Laerm;28026;48.562;14.440;2021-03-03T06:41:02;44.77;40.13;54.51;;
37223;Laerm;28026;48.562;14.440;2021-03-03T06:43:38;44.03;40.43;51.69;;
37223;Laerm;28026;48.562;14.440;2021-03-03T06:46:18;43.50;39.81;50.28;;
37223;Laerm;28026;48.562;14.440;2021-03-03T06:48:50;44.24;38.81;58.50;;
37223;Laerm;28026;48.562;14.440;2021-03-03T06:51:29;43.39;39.08;50.24;;
37223;Laerm;28026;48.562;14.440;2021-03-03T06:54:04;45.93;40.80;57.74;;
37223;Laerm;28026;48.562;14.440;2021-03-03T06:56:46;45.01;40.03;53.05;;
37223;Laerm;28026;48.562;14.440;2021-03-03T07:02:14;42.67;39.46;53.15;;
37223;Laerm;28026;48.562;14.440;2021-03-03T07:04:46;44.03;41.46;54.04;;
37223;Laerm;28026;48.562;14.440;2021-03-03T07:07:25;44.21;41.89;56.62;;
37223;Laerm;28026;48.562;14.440;2021-03-03T07:09:58;44.06;40.89;50.20;;
37223;Laerm;28026;48.562;14.440;2021-03-03T07:12:33;43.79;40.62;47.46;;
37223;Laerm;28026;48.562;14.440;2021-03-03T07:15:08;43.12;39.70;50.20;;
37223;Laerm;28026;48.562;14.440;2021-03-03T07:17:41;44.03;40.13;53.18;;
37223;Laerm;28026;48.562;14.440;2021-03-03T07:20:17;43.05;39.21;53.26;;
37223;Laerm;28026;48.562;14.440;2021-03-03T07:22:53;43.23;40.27;53.09;;
37223;Laerm;28026;48.562;14.440;2021-03-03T07:25:27;44.04;39.08;56.93;;
37223;Laerm;28026;48.562;14.440;2021-03-03T07:27:59;52.08;40.13;68.52;;
37223;Laerm;28026;48.562;14.440;2021-03-03T07:30:30;43.83;39.92;52.89;;
37223;Laerm;28026;48.562;14.440;2021-03-03T07:33:03;50.97;41.22;57.70;;
37223;Laerm;28026;48.562;14.440;2021-03-03T07:35:34;48.50;41.75;58.20;;
37223;Laerm;28026;48.562;14.440;2021-03-03T07:38:06;43.60;38.81;54.27;;
37223;Laerm;28026;48.562;14.440;2021-03-03T07:40:40;43.93;39.68;53.10;;
37223;Laerm;28026;48.562;14.440;2021-03-03T07:43:16;42.86;38.67;53.70;;
37223;Laerm;28026;48.562;14.440;2021-03-03T07:45:52;42.33;39.58;48.81;;
37223;Laerm;28026;48.562;14.440;2021-03-03T07:48:23;44.94;39.70;56.01;;
37223;Laerm;28026;48.562;14.440;2021-03-03T07:50:56;43.80;38.95;54.79;;
37223;Laerm;28026;48.562;14.440;2021-03-03T07:53:29;44.77;39.81;53.39;;
37223;Laerm;28026;48.562;14.440;2021-03-03T07:56:01;44.96;39.70;60.41;;
37223;Laerm;28026;48.562;14.440;2021-03-03T07:58:39;43.86;39.70;56.25;;
37223;Laerm;28026;48.562;14.440;2021-03-03T08:01:11;44.45;40.98;56.89;;
37223;Laerm;28026;48.562;14.440;2021-03-03T08:03:49;50.29;40.80;61.10;;
37223;Laerm;28026;48.562;14.440;2021-03-03T08:11:45;43.95;37.88;52.98;;
37223;Laerm;28026;48.562;14.440;2021-03-03T08:14:38;44.85;38.21;53.47;;
37223;Laerm;28026;48.562;14.440;2021-03-03T08:17:09;44.72;38.37;52.94;;
37223;Laerm;28026;48.562;14.440;2021-03-03T08:19:51;45.21;39.58;59.17;;
37223;Laerm;28026;48.562;14.440;2021-03-03T08:25:48;45.63;41.53;54.73;;
37223;Laerm;28026;48.562;14.440;2021-03-03T08:28:54;47.43;41.96;57.95;;
37223;Laerm;28026;48.562;14.440;2021-03-03T08:31:26;49.98;40.89;62.69;;
37223;Laerm;28026;48.562;14.440;2021-03-03T08:33:59;50.96;42.93;65.68;;
37223;Laerm;28026;48.562;14.440;2021-03-03T08:41:36;47.39;41.82;58.78;;
37223;Laerm;28026;48.562;14.440;2021-03-03T08:44:16;48.15;42.53;58.87;;
37223;Laerm;28026;48.562;14.440;2021-03-03T08:46:50;46.12;40.80;57.48;;
37223;Laerm;28026;48.562;14.440;2021-03-03T08:49:24;50.87;41.75;63.89;;
37223;Laerm;28026;48.562;14.440;2021-03-03T08:52:10;46.71;40.62;59.24;;
37223;Laerm;28026;48.562;14.440;2021-03-03T08:54:45;45.28;38.95;56.71;;
37223;Laerm;28026;48.562;14.440;2021-03-03T08:57:33;43.95;39.58;53.23;;
37223;Laerm;28026;48.562;14.440;2021-03-03T09:00:08;42.33;37.88;52.21;;
37223;Laerm;28026;48.562;14.440;2021-03-03T09:02:40;42.27;37.35;48.48;;
37223;Laerm;28026;48.562;14.440;2021-03-03T09:05:13;43.33;38.67;52.78;;
37223;Laerm;28026;48.562;14.440;2021-03-03T09:07:44;43.69;37.32;60.24;;
37223;Laerm;28026;48.562;14.440;2021-03-03T09:10:15;41.19;37.12;56.07;;
37223;Laerm;28026;48.562;14.440;2021-03-03T09:12:48;47.53;38.37;56.90;;
37223;Laerm;28026;48.562;14.440;2021-03-03T09:15:19;46.95;39.34;57.98;;
37223;Laerm;28026;48.562;14.440;2021-03-03T09:17:50;48.81;41.53;57.97;;
37223;Laerm;28026;48.562;14.440;2021-03-03T09:20:21;47.56;41.30;58.96;;
37223;Laerm;28026;48.562;14.440;2021-03-03T09:22:53;48.15;35.94;61.56;;
37223;Laerm;28026;48.562;14.440;2021-03-03T09:25:24;47.64;38.81;61.00;;
37223;Laerm;28026;48.562;14.440;2021-03-03T09:27:58;40.51;37.12;48.69;;
37223;Laerm;28026;48.562;14.440;2021-03-03T09:30:40;42.01;36.69;47.83;;
37223;Laerm;28026;48.562;14.440;2021-03-03T09:33:11;40.93;35.36;47.24;;
37223;Laerm;28026;48.562;14.440;2021-03-03T09:35:43;40.76;36.45;46.84;;
37223;Laerm;28026;48.562;14.440;2021-03-03T09:38:15;42.08;36.91;62.40;;
37223;Laerm;28026;48.562;14.440;2021-03-03T09:40:46;42.05;37.70;52.64;;
37223;Laerm;28026;48.562;14.440;2021-03-03T09:43:19;40.56;37.32;47.84;;
37223;Laerm;28026;48.562;14.440;2021-03-03T09:45:56;41.64;37.12;51.53;;
37223;Laerm;28026;48.562;14.440;2021-03-03T09:48:28;46.22;39.81;65.14;;
37223;Laerm;28026;48.562;14.440;2021-03-03T09:50:59;43.38;38.95;50.00;;
37223;Laerm;28026;48.562;14.440;2021-03-03T09:53:31;42.03;36.91;53.15;;
37223;Laerm;28026;48.562;14.440;2021-03-03T09:56:05;42.23;37.88;53.43;;
37223;Laerm;28026;48.562;14.440;2021-03-03T09:58:36;41.03;35.36;47.72;;
37223;Laerm;28026;48.562;14.440;2021-03-03T10:01:10;40.37;35.66;57.42;;
37223;Laerm;28026;48.562;14.440;2021-03-03T10:03:41;40.26;36.91;49.71;;
37223;Laerm;28026;48.562;14.440;2021-03-03T10:06:13;40.80;36.69;51.22;;
37223;Laerm;28026;48.562;14.440;2021-03-03T10:08:44;41.58;36.91;54.54;;
37223;Laerm;28026;48.562;14.440;2021-03-03T10:11:16;42.67;38.18;52.50;;
37223;Laerm;28026;48.562;14.440;2021-03-03T10:13:47;41.20;36.20;54.05;;
37223;Laerm;28026;48.562;14.440;2021-03-03T10:16:19;40.80;35.94;50.17;;
37223;Laerm;28026;48.562;14.440;2021-03-03T10:19:06;41.59;35.94;46.59;;
37223;Laerm;28026;48.562;14.440;2021-03-03T10:21:45;40.71;35.94;53.73;;
37223;Laerm;28026;48.562;14.440;2021-03-03T10:24:19;42.09;36.91;47.86;;
37223;Laerm;28026;48.562;14.440;2021-03-03T10:26:51;43.03;37.52;50.67;;
37223;Laerm;28026;48.562;14.440;2021-03-03T10:29:38;43.35;37.70;52.89;;
37223;Laerm;28026;48.562;14.440;2021-03-03T10:32:15;41.67;37.52;48.69;;
37223;Laerm;28026;48.562;14.440;2021-03-03T10:34:46;41.76;37.70;51.25;;
37223;Laerm;28026;48.562;14.440;2021-03-03T10:37:26;40.31;35.36;45.39;;
37223;Laerm;28026;48.562;14.440;2021-03-03T10:39:57;40.76;36.45;49.08;;
37223;Laerm;28026;48.562;14.440;2021-03-03T10:42:28;41.09;36.91;55.01;;
37223;Laerm;28026;48.562;14.440;2021-03-03T10:44:59;41.94;38.05;52.37;;
37223;Laerm;28026;48.562;14.440;2021-03-03T10:47:43;41.66;37.32;53.37;;
37223;Laerm;28026;48.562;14.440;2021-03-03T10:50:21;41.99;37.52;54.82;;
37223;Laerm;28026;48.562;14.440;2021-03-03T10:53:04;40.92;35.66;47.17;;
37223;Laerm;28026;48.562;14.440;2021-03-03T10:55:38;40.59;35.36;52.53;;
37223;Laerm;28026;48.562;14.440;2021-03-03T10:58:16;40.63;35.94;53.37;;
37223;Laerm;28026;48.562;14.440;2021-03-03T11:03:30;40.87;35.04;54.71;;
37223;Laerm;28026;48.562;14.440;2021-03-03T11:06:01;40.53;34.69;57.87;;
37223;Laerm;28026;48.562;14.440;2021-03-03T11:08:33;42.62;35.04;59.14;;
37223;Laerm;28026;48.562;14.440;2021-03-03T11:11:06;39.94;34.69;51.17;;
37223;Laerm;28026;48.562;14.440;2021-03-03T11:13:37;41.60;36.45;54.45;;
37223;Laerm;28026;48.562;14.440;2021-03-03T11:16:08;41.35;36.69;53.11;;
37223;Laerm;28026;48.562;14.440;2021-03-03T11:18:40;41.09;35.36;51.36;;
37223;Laerm;28026;48.562;14.440;2021-03-03T11:21:11;40.51;36.45;49.28;;
37223;Laerm;28026;48.562;14.440;2021-03-03T11:23:42;40.62;34.69;55.54;;
37223;Laerm;28026;48.562;14.440;2021-03-03T11:26:13;40.72;35.04;57.67;;
37223;Laerm;28026;48.562;14.440;2021-03-03T11:28:44;41.51;35.94;59.72;;
37223;Laerm;28026;48.562;14.440;2021-03-03T11:31:15;41.04;36.20;54.59;;
37223;Laerm;28026;48.562;14.440;2021-03-03T11:33:46;46.17;35.94;65.79;;
37223;Laerm;28026;48.562;14.440;2021-03-03T11:36:17;42.11;35.94;60.01;;
37223;Laerm;28026;48.562;14.440;2021-03-03T11:38:49;40.93;35.66;57.84;;
37223;Laerm;28026;48.562;14.440;2021-03-03T11:41:21;40.96;33.44;57.90;;
37223;Laerm;28026;48.562;14.440;2021-03-03T11:43:53;41.87;35.36;54.93;;
37223;Laerm;28026;48.562;14.440;2021-03-03T11:46:24;42.52;35.36;57.96;;
37223;Laerm;28026;48.562;14.440;2021-03-03T11:48:54;41.78;35.66;55.20;;
37223;Laerm;28026;48.562;14.440;2021-03-03T11:51:25;41.17;34.69;55.95;;
37223;Laerm;28026;48.562;14.440;2021-03-03T11:53:56;42.21;34.31;57.57;;
37223;Laerm;28026;48.562;14.440;2021-03-03T11:56:27;43.91;35.94;69.02;;
37223;Laerm;28026;48.562;14.440;2021-03-03T11:58:58;42.35;35.86;56.66;;
37223;Laerm;28026;48.562;14.440;2021-03-03T12:01:29;46.30;39.58;54.73;;
37223;Laerm;28026;48.562;14.440;2021-03-03T12:03:59;41.28;35.04;58.76;;
37223;Laerm;28026;48.562;14.440;2021-03-03T12:06:30;41.68;35.36;52.71;;
37223;Laerm;28026;48.562;14.440;2021-03-03T12:09:02;42.95;36.91;50.11;;
37223;Laerm;28026;48.562;14.440;2021-03-03T12:11:33;41.39;35.04;54.16;;
37223;Laerm;28026;48.562;14.440;2021-03-03T12:14:04;41.39;37.12;59.84;;
37223;Laerm;28026;48.562;14.440;2021-03-03T12:16:35;41.46;35.04;60.34;;
37223;Laerm;28026;48.562;14.440;2021-03-03T12:19:06;41.60;36.20;60.31;;
37223;Laerm;28026;48.562;14.440;2021-03-03T12:21:38;41.96;36.45;52.79;;
37223;Laerm;28026;48.562;14.440;2021-03-03T12:24:09;40.95;36.34;48.83;;
37223;Laerm;28026;48.562;14.440;2021-03-03T12:26:40;41.52;35.36;53.07;;
37223;Laerm;28026;48.562;14.440;2021-03-03T12:29:11;41.06;35.94;51.63;;
37223;Laerm;28026;48.562;14.440;2021-03-03T12:31:42;42.13;35.04;56.34;;
37223;Laerm;28026;48.562;14.440;2021-03-03T12:34:13;41.34;36.91;61.17;;
37223;Laerm;28026;48.562;14.440;2021-03-03T12:36:44;40.67;35.94;52.84;;
37223;Laerm;28026;48.562;14.440;2021-03-03T12:39:15;43.18;37.12;52.89;;
37223;Laerm;28026;48.562;14.440;2021-03-03T12:41:46;41.60;37.52;49.18;;
37223;Laerm;28026;48.562;14.440;2021-03-03T12:44:17;41.40;35.66;51.44;;
37223;Laerm;28026;48.562;14.440;2021-03-03T12:46:49;43.03;37.70;56.50;;
37223;Laerm;28026;48.562;14.440;2021-03-03T12:49:20;41.82;35.36;56.38;;
37223;Laerm;28026;48.562;14.440;2021-03-03T12:51:51;41.75;36.91;49.60;;
37223;Laerm;28026;48.562;14.440;2021-03-03T12:54:22;44.12;39.34;54.48;;
37223;Laerm;28026;48.562;14.440;2021-03-03T12:56:53;42.44;35.94;51.10;;
37223;Laerm;28026;48.562;14.440;2021-03-03T12:59:24;39.53;35.04;46.87;;
37223;Laerm;28026;48.562;14.440;2021-03-03T13:01:55;41.46;35.36;48.31;;
37223;Laerm;28026;48.562;14.440;2021-03-03T13:04:26;39.92;32.93;48.89;;
37223;Laerm;28026;48.562;14.440;2021-03-03T13:06:57;41.90;36.20;55.44;;
37223;Laerm;28026;48.562;14.440;2021-03-03T13:09:28;40.40;35.04;48.25;;
37223;Laerm;28026;48.562;14.440;2021-03-03T13:11:59;39.89;35.36;52.57;;
37223;Laerm;28026;48.562;14.440;2021-03-03T13:14:30;40.75;34.69;51.66;;
37223;Laerm;28026;48.562;14.440;2021-03-03T13:17:01;43.17;38.05;63.87;;
37223;Laerm;28026;48.562;14.440;2021-03-03T13:19:33;40.37;35.36;44.90;;
37223;Laerm;28026;48.562;14.440;2021-03-03T13:22:05;39.14;34.31;47.68;;
37223;Laerm;28026;48.562;14.440;2021-03-03T13:24:36;42.16;35.94;58.98;;
37223;Laerm;28026;48.562;14.440;2021-03-03T13:27:07;40.70;34.69;59.54;;
37223;Laerm;28026;48.562;14.440;2021-03-03T13:29:38;43.06;35.94;56.12;;
37223;Laerm;28026;48.562;14.440;2021-03-03T13:32:08;45.23;37.12;69.98;;
37223;Laerm;28026;48.562;14.440;2021-03-03T13:34:43;44.26;35.94;54.71;;
37223;Laerm;28026;48.562;14.440;2021-03-03T13:37:14;45.13;38.81;54.58;;
37223;Laerm;28026;48.562;14.440;2021-03-03T13:39:45;42.53;35.04;60.59;;
37223;Laerm;28026;48.562;14.440;2021-03-03T13:42:16;40.42;35.66;57.01;;
37223;Laerm;28026;48.562;14.440;2021-03-03T13:44:46;51.08;36.20;74.15;;
37223;Laerm;28026;48.562;14.440;2021-03-03T13:47:18;61.10;37.32;85.07;;
37223;Laerm;28026;48.562;14.440;2021-03-03T13:49:48;51.43;34.31;73.57;;
37223;Laerm;28026;48.562;14.440;2021-03-03T13:52:19;40.25;33.90;47.40;;
37223;Laerm;28026;48.562;14.440;2021-03-03T13:54:51;40.41;35.66;51.18;;
37223;Laerm;28026;48.562;14.440;2021-03-03T13:57:21;44.07;36.10;60.16;;
37223;Laerm;28026;48.562;14.440;2021-03-03T13:59:52;40.94;34.69;50.21;;
37223;Laerm;28026;48.562;14.440;2021-03-03T14:02:23;41.45;35.66;52.09;;
37223;Laerm;28026;48.562;14.440;2021-03-03T14:04:55;40.98;35.66;52.66;;
37223;Laerm;28026;48.562;14.440;2021-03-03T14:07:26;41.70;36.20;48.57;;
37223;Laerm;28026;48.562;14.440;2021-03-03T14:09:57;41.71;36.20;46.73;;
37223;Laerm;28026;48.562;14.440;2021-03-03T14:12:28;42.61;35.94;55.23;;
37223;Laerm;28026;48.562;14.440;2021-03-03T14:14:59;40.29;35.66;48.34;;
37223;Laerm;28026;48.562;14.440;2021-03-03T14:17:30;40.53;32.93;54.09;;
37223;Laerm;28026;48.562;14.440;2021-03-03T14:20:01;41.36;37.52;50.05;;
37223;Laerm;28026;48.562;14.440;2021-03-03T14:22:32;40.13;36.20;48.26;;
37223;Laerm;28026;48.562;14.440;2021-03-03T14:25:05;39.92;34.69;48.64;;
37223;Laerm;28026;48.562;14.440;2021-03-03T14:27:36;39.51;33.90;49.36;;
37223;Laerm;28026;48.562;14.440;2021-03-03T14:30:07;41.05;34.31;50.23;;
37223;Laerm;28026;48.562;14.440;2021-03-03T14:32:38;40.53;35.94;48.83;;
37223;Laerm;28026;48.562;14.440;2021-03-03T14:35:10;40.88;35.94;48.16;;
37223;Laerm;28026;48.562;14.440;2021-03-03T14:37:41;41.86;37.32;57.71;;
37223;Laerm;28026;48.562;14.440;2021-03-03T14:40:13;42.60;37.88;54.41;;
37223;Laerm;28026;48.562;14.440;2021-03-03T14:42:44;40.83;36.69;47.77;;
37223;Laerm;28026;48.562;14.440;2021-03-03T14:45:15;41.23;36.69;51.63;;
37223;Laerm;28026;48.562;14.440;2021-03-03T14:47:46;42.51;35.94;49.66;;
37223;Laerm;28026;48.562;14.440;2021-03-03T14:50:17;41.94;37.32;51.29;;
37223;Laerm;28026;48.562;14.440;2021-03-03T14:52:48;43.88;37.70;53.82;;
37223;Laerm;28026;48.562;14.440;2021-03-03T14:55:19;42.11;36.91;51.91;;
37223;Laerm;28026;48.562;14.440;2021-03-03T14:57:50;40.34;35.66;47.76;;
37223;Laerm;28026;48.562;14.440;2021-03-03T15:00:22;42.31;35.94;50.41;;
37223;Laerm;28026;48.562;14.440;2021-03-03T15:02:53;44.44;39.70;54.41;;
37223;Laerm;28026;48.562;14.440;2021-03-03T15:05:24;43.29;38.81;53.50;;
37223;Laerm;28026;48.562;14.440;2021-03-03T15:07:56;42.80;37.52;49.75;;
37223;Laerm;28026;48.562;14.440;2021-03-03T15:10:27;42.37;37.32;52.04;;
37223;Laerm;28026;48.562;14.440;2021-03-03T15:12:58;41.29;37.70;45.45;;
37223;Laerm;28026;48.562;14.440;2021-03-03T15:15:29;41.83;37.70;46.18;;
37223;Laerm;28026;48.562;14.440;2021-03-03T15:18:00;41.42;37.52;51.86;;
37223;Laerm;28026;48.562;14.440;2021-03-03T15:20:32;42.11;37.70;51.22;;
37223;Laerm;28026;48.562;14.440;2021-03-03T15:23:04;41.63;37.70;44.73;;
37223;Laerm;28026;48.562;14.440;2021-03-03T15:25:35;42.51;36.91;50.11;;
37223;Laerm;28026;48.562;14.440;2021-03-03T15:28:06;41.31;36.69;49.77;;
37223;Laerm;28026;48.562;14.440;2021-03-03T15:30:38;43.44;36.91;51.96;;
37223;Laerm;28026;48.562;14.440;2021-03-03T15:33:09;41.58;36.20;49.73;;
37223;Laerm;28026;48.562;14.440;2021-03-03T15:35:40;42.69;38.37;52.08;;
37223;Laerm;28026;48.562;14.440;2021-03-03T15:38:11;42.27;38.52;54.24;;
37223;Laerm;28026;48.562;14.440;2021-03-03T15:40:42;42.32;36.91;54.50;;
37223;Laerm;28026;48.562;14.440;2021-03-03T15:43:13;40.98;36.20;47.30;;
37223;Laerm;28026;48.562;14.440;2021-03-03T15:45:44;41.10;36.91;52.56;;
37223;Laerm;28026;48.562;14.440;2021-03-03T15:48:16;42.51;36.77;47.61;;
37223;Laerm;28026;48.562;14.440;2021-03-03T15:50:47;41.74;37.12;52.17;;
37223;Laerm;28026;48.562;14.440;2021-03-03T15:53:18;45.28;38.05;60.45;;
37223;Laerm;28026;48.562;14.440;2021-03-03T15:55:49;43.63;37.70;57.86;;
37223;Laerm;28026;48.562;14.440;2021-03-03T15:58:20;42.36;37.32;51.12;;
37223;Laerm;28026;48.562;14.440;2021-03-03T16:00:51;42.78;35.94;56.67;;
37223;Laerm;28026;48.562;14.440;2021-03-03T16:03:22;40.13;35.36;51.50;;
37223;Laerm;28026;48.562;14.440;2021-03-03T16:05:53;43.34;35.04;56.86;;
37223;Laerm;28026;48.562;14.440;2021-03-03T16:08:24;42.86;36.20;53.32;;
37223;Laerm;28026;48.562;14.440;2021-03-03T16:10:55;42.52;36.45;57.81;;
37223;Laerm;28026;48.562;14.440;2021-03-03T16:13:26;40.63;35.66;45.57;;
37223;Laerm;28026;48.562;14.440;2021-03-03T16:15:57;40.47;35.36;48.40;;
37223;Laerm;28026;48.562;14.440;2021-03-03T16:18:28;40.36;35.94;44.87;;
37223;Laerm;28026;48.562;14.440;2021-03-03T16:20:59;40.98;35.94;53.91;;
37223;Laerm;28026;48.562;14.440;2021-03-03T16:23:31;42.23;37.12;51.50;;
37223;Laerm;28026;48.562;14.440;2021-03-03T16:26:01;41.22;36.69;47.48;;
37223;Laerm;28026;48.562;14.440;2021-03-03T16:28:33;41.51;35.36;46.91;;
37223;Laerm;28026;48.562;14.440;2021-03-03T16:31:03;43.34;38.52;52.67;;
37223;Laerm;28026;48.562;14.440;2021-03-03T16:33:34;41.49;36.69;53.44;;
37223;Laerm;28026;48.562;14.440;2021-03-03T16:36:06;41.57;35.94;59.88;;
37223;Laerm;28026;48.562;14.440;2021-03-03T16:38:37;41.30;35.66;49.57;;
37223;Laerm;28026;48.562;14.440;2021-03-03T16:41:08;40.75;35.04;47.55;;
37223;Laerm;28026;48.562;14.440;2021-03-03T16:43:39;42.36;37.87;57.11;;
37223;Laerm;28026;48.562;14.440;2021-03-03T16:46:11;41.94;36.45;47.42;;
37223;Laerm;28026;48.562;14.440;2021-03-03T16:48:41;40.45;36.45;46.91;;
37223;Laerm;28026;48.562;14.440;2021-03-03T16:51:14;39.99;34.69;50.34;;
37223;Laerm;28026;48.562;14.440;2021-03-03T16:53:45;41.92;36.69;47.96;;
37223;Laerm;28026;48.562;14.440;2021-03-03T16:56:16;40.78;35.66;44.51;;
37223;Laerm;28026;48.562;14.440;2021-03-03T16:58:47;42.08;37.12;46.15;;
37223;Laerm;28026;48.562;14.440;2021-03-03T17:01:18;42.04;38.05;61.92;;
37223;Laerm;28026;48.562;14.440;2021-03-03T17:03:49;43.55;36.91;52.33;;
37223;Laerm;28026;48.562;14.440;2021-03-03T17:06:19;42.98;36.34;57.31;;
37223;Laerm;28026;48.562;14.440;2021-03-03T17:08:51;42.19;35.36;55.54;;
37223;Laerm;28026;48.562;14.440;2021-03-03T17:11:25;41.74;35.94;51.93;;
37223;Laerm;28026;48.562;14.440;2021-03-03T17:13:56;42.27;37.32;45.11;;
37223;Laerm;28026;48.562;14.440;2021-03-03T17:16:30;43.77;37.88;56.05;;
37223;Laerm;28026;48.562;14.440;2021-03-03T17:19:03;41.54;37.32;48.32;;
37223;Laerm;28026;48.562;14.440;2021-03-03T17:21:34;43.42;35.66;66.93;;
37223;Laerm;28026;48.562;14.440;2021-03-03T17:24:08;43.03;33.90;67.44;;
37223;Laerm;28026;48.562;14.440;2021-03-03T17:26:39;39.02;33.44;46.73;;
37223;Laerm;28026;48.562;14.440;2021-03-03T17:29:11;43.66;35.66;52.76;;
37223;Laerm;28026;48.562;14.440;2021-03-03T17:31:42;41.67;35.66;50.52;;
37223;Laerm;28026;48.562;14.440;2021-03-03T17:34:13;40.14;35.66;44.19;;
37223;Laerm;28026;48.562;14.440;2021-03-03T17:36:45;40.71;35.94;57.25;;
37223;Laerm;28026;48.562;14.440;2021-03-03T17:39:16;42.84;35.94;59.40;;
37223;Laerm;28026;48.562;14.440;2021-03-03T17:41:47;39.83;35.36;45.04;;
37223;Laerm;28026;48.562;14.440;2021-03-03T17:44:18;43.99;33.90;67.67;;
37223;Laerm;28026;48.562;14.440;2021-03-03T17:46:49;39.37;33.44;50.13;;
37223;Laerm;28026;48.562;14.440;2021-03-03T17:49:20;44.33;34.31;60.69;;
37223;Laerm;28026;48.562;14.440;2021-03-03T17:51:51;42.67;35.94;56.16;;
37223;Laerm;28026;48.562;14.440;2021-03-03T17:54:22;43.60;32.93;62.70;;
37223;Laerm;28026;48.562;14.440;2021-03-03T17:56:53;40.64;35.94;47.74;;
37223;Laerm;28026;48.562;14.440;2021-03-03T17:59:24;40.37;35.04;45.80;;
37223;Laerm;28026;48.562;14.440;2021-03-03T18:01:55;40.28;34.69;45.46;;
37223;Laerm;28026;48.562;14.440;2021-03-03T18:04:26;38.93;34.31;51.46;;
37223;Laerm;28026;48.562;14.440;2021-03-03T18:06:57;39.17;34.69;44.89;;
37223;Laerm;28026;48.562;14.440;2021-03-03T18:09:28;39.40;34.69;43.29;;
37223;Laerm;28026;48.562;14.440;2021-03-03T18:11:59;40.31;36.45;47.40;;
37223;Laerm;28026;48.562;14.440;2021-03-03T18:14:30;43.10;36.20;57.09;;
37223;Laerm;28026;48.562;14.440;2021-03-03T18:17:03;40.05;36.20;43.90;;
37223;Laerm;28026;48.562;14.440;2021-03-03T18:19:35;40.55;36.91;50.18;;
37223;Laerm;28026;48.562;14.440;2021-03-03T18:22:07;43.56;34.69;58.52;;
37223;Laerm;28026;48.562;14.440;2021-03-03T18:24:38;39.43;34.34;43.09;;
37223;Laerm;28026;48.562;14.440;2021-03-03T18:27:09;41.07;36.69;49.35;;
37223;Laerm;28026;48.562;14.440;2021-03-03T18:29:40;41.96;35.04;54.23;;
37223;Laerm;28026;48.562;14.440;2021-03-03T18:32:11;40.10;35.94;45.57;;
37223;Laerm;28026;48.562;14.440;2021-03-03T18:34:42;42.63;35.04;59.08;;
37223;Laerm;28026;48.562;14.440;2021-03-03T18:37:13;42.21;32.93;47.90;;
37223;Laerm;28026;48.562;14.440;2021-03-03T18:39:44;43.98;36.20;53.11;;
37223;Laerm;28026;48.562;14.440;2021-03-03T18:42:17;38.92;33.90;52.47;;
37223;Laerm;28026;48.562;14.440;2021-03-03T18:44:50;40.35;35.66;53.90;;
37223;Laerm;28026;48.562;14.440;2021-03-03T18:47:21;38.30;32.93;41.22;;
37223;Laerm;28026;48.562;14.440;2021-03-03T18:49:52;39.44;35.04;45.45;;
37223;Laerm;28026;48.562;14.440;2021-03-03T18:52:23;44.27;36.20;54.77;;
37223;Laerm;28026;48.562;14.440;2021-03-03T18:54:54;40.78;35.94;56.25;;
37223;Laerm;28026;48.562;14.440;2021-03-03T18:57:25;40.40;34.69;45.69;;
37223;Laerm;28026;48.562;14.440;2021-03-03T18:59:56;45.07;32.35;64.19;;
37223;Laerm;28026;48.562;14.440;2021-03-03T19:02:30;40.25;33.44;55.98;;
37223;Laerm;28026;48.562;14.440;2021-03-03T19:05:03;38.97;34.31;48.52;;
37223;Laerm;28026;48.562;14.440;2021-03-03T19:07:35;38.88;32.35;44.07;;
37223;Laerm;28026;48.562;14.440;2021-03-03T19:10:07;39.91;35.04;43.94;;
37223;Laerm;28026;48.562;14.440;2021-03-03T19:12:38;38.63;33.44;42.22;;
37223;Laerm;28026;48.562;14.440;2021-03-03T19:15:10;40.66;32.35;46.69;;
37223;Laerm;28026;48.562;14.440;2021-03-03T19:17:42;43.62;34.31;53.64;;
37223;Laerm;28026;48.562;14.440;2021-03-03T19:20:14;41.33;34.69;54.91;;
37223;Laerm;28026;48.562;14.440;2021-03-03T19:22:46;44.62;34.69;62.14;;
37223;Laerm;28026;48.562;14.440;2021-03-03T19:25:17;47.39;31.68;64.44;;
37223;Laerm;28026;48.562;14.440;2021-03-03T19:27:48;41.70;33.44;49.83;;
37223;Laerm;28026;48.562;14.440;2021-03-03T19:30:20;41.28;34.31;53.48;;
37223;Laerm;28026;48.562;14.440;2021-03-03T19:32:52;38.19;32.35;44.19;;
37223;Laerm;28026;48.562;14.440;2021-03-03T19:35:23;41.25;35.94;44.73;;
37223;Laerm;28026;48.562;14.440;2021-03-03T19:37:55;42.15;34.31;57.74;;
37223;Laerm;28026;48.562;14.440;2021-03-03T19:40:26;39.47;33.44;44.94;;
37223;Laerm;28026;48.562;14.440;2021-03-03T19:42:58;37.50;32.35;41.75;;
37223;Laerm;28026;48.562;14.440;2021-03-03T19:45:30;39.59;33.44;53.12;;
37223;Laerm;28026;48.562;14.440;2021-03-03T19:48:02;41.39;35.04;59.79;;
37223;Laerm;28026;48.562;14.440;2021-03-03T19:50:33;39.46;33.44;59.75;;
37223;Laerm;28026;48.562;14.440;2021-03-03T19:53:05;41.31;36.45;45.33;;
37223;Laerm;28026;48.562;14.440;2021-03-03T19:55:36;40.01;32.93;61.89;;
37223;Laerm;28026;48.562;14.440;2021-03-03T19:58:08;37.57;31.68;44.43;;
37223;Laerm;28026;48.562;14.440;2021-03-03T20:00:38;38.72;32.93;43.54;;
37223;Laerm;28026;48.562;14.440;2021-03-03T20:03:11;37.89;32.35;43.29;;
37223;Laerm;28026;48.562;14.440;2021-03-03T20:05:42;37.78;32.35;41.38;;
37223;Laerm;28026;48.562;14.440;2021-03-03T20:08:13;39.25;32.93;44.54;;
37223;Laerm;28026;48.562;14.440;2021-03-03T20:10:44;42.19;35.31;52.94;;
37223;Laerm;28026;48.562;14.440;2021-03-03T20:13:15;39.69;30.89;45.94;;
37223;Laerm;28026;48.562;14.440;2021-03-03T20:15:47;37.51;30.89;42.16;;
37223;Laerm;28026;48.562;14.440;2021-03-03T20:18:18;36.95;31.68;40.53;;
37223;Laerm;28026;48.562;14.440;2021-03-03T20:20:50;41.36;32.93;47.81;;
37223;Laerm;28026;48.562;14.440;2021-03-03T20:23:21;40.38;34.31;44.66;;
37223;Laerm;28026;48.562;14.440;2021-03-03T20:25:52;38.93;33.90;42.35;;
37223;Laerm;28026;48.562;14.440;2021-03-03T20:28:23;38.71;32.93;43.77;;
37223;Laerm;28026;48.562;14.440;2021-03-03T20:30:54;38.58;33.44;44.39;;
37223;Laerm;28026;48.562;14.440;2021-03-03T20:33:25;45.91;28.67;61.98;;
37223;Laerm;28026;48.562;14.440;2021-03-03T20:35:56;37.41;32.35;42.95;;
37223;Laerm;28026;48.562;14.440;2021-03-03T20:38:28;37.28;31.68;41.96;;
37223;Laerm;28026;48.562;14.440;2021-03-03T20:41:04;38.53;30.89;51.18;;
37223;Laerm;28026;48.562;14.440;2021-03-03T20:43:36;38.78;31.68;52.32;;
37223;Laerm;28026;48.562;14.440;2021-03-03T20:46:07;37.25;31.68;44.54;;
37223;Laerm;28026;48.562;14.440;2021-03-03T20:48:38;37.08;32.35;42.41;;
37223;Laerm;28026;48.562;14.440;2021-03-03T20:51:09;37.03;30.89;39.58;;
37223;Laerm;28026;48.562;14.440;2021-03-03T20:53:40;36.89;30.89;42.29;;
37223;Laerm;28026;48.562;14.440;2021-03-03T20:56:11;38.13;32.00;44.65;;
37223;Laerm;28026;48.562;14.440;2021-03-03T20:58:41;39.26;32.35;44.35;;
37223;Laerm;28026;48.562;14.440;2021-03-03T21:01:12;36.90;31.68;52.63;;
37223;Laerm;28026;48.562;14.440;2021-03-03T21:03:43;38.95;33.44;42.22;;
37223;Laerm;28026;48.562;14.440;2021-03-03T21:06:14;37.94;31.33;41.14;;
37223;Laerm;28026;48.562;14.440;2021-03-03T21:08:48;37.21;31.68;40.80;;
37223;Laerm;28026;48.562;14.440;2021-03-03T21:11:19;41.79;31.68;55.39;;
37223;Laerm;28026;48.562;14.440;2021-03-03T21:13:50;40.90;32.35;48.07;;
37223;Laerm;28026;48.562;14.440;2021-03-03T21:16:21;37.18;29.92;41.30;;
37223;Laerm;28026;48.562;14.440;2021-03-03T21:18:52;42.08;33.90;45.57;;
37223;Laerm;28026;48.562;14.440;2021-03-03T21:21:23;44.77;36.69;48.73;;
37223;Laerm;28026;48.562;14.440;2021-03-03T21:23:54;38.16;34.31;40.89;;
37223;Laerm;28026;48.562;14.440;2021-03-03T21:26:25;37.59;32.93;46.34;;
37223;Laerm;28026;48.562;14.440;2021-03-03T21:28:56;41.44;32.93;56.34;;
37223;Laerm;28026;48.562;14.440;2021-03-03T21:31:27;42.44;33.90;60.21;;
37223;Laerm;28026;48.562;14.440;2021-03-03T21:33:58;38.53;32.93;42.59;;
37223;Laerm;28026;48.562;14.440;2021-03-03T21:36:29;37.43;32.35;41.96;;
37223;Laerm;28026;48.562;14.440;2021-03-03T21:39:00;37.71;32.35;45.30;;
37223;Laerm;28026;48.562;14.440;2021-03-03T21:41:31;40.03;35.01;44.47;;
37223;Laerm;28026;48.562;14.440;2021-03-03T21:44:03;37.65;32.35;42.53;;
37223;Laerm;28026;48.562;14.440;2021-03-03T21:46:34;40.55;32.93;46.66;;
37223;Laerm;28026;48.562;14.440;2021-03-03T21:49:05;38.22;33.44;43.86;;
37223;Laerm;28026;48.562;14.440;2021-03-03T21:51:36;40.82;32.93;48.29;;
37223;Laerm;28026;48.562;14.440;2021-03-03T21:54:07;42.75;36.91;53.36;;
37223;Laerm;28026;48.562;14.440;2021-03-03T21:56:37;47.26;33.90;62.81;;
37223;Laerm;28026;48.562;14.440;2021-03-03T21:59:08;42.15;34.31;51.54;;
37223;Laerm;28026;48.562;14.440;2021-03-03T22:01:39;37.18;30.89;42.03;;
37223;Laerm;28026;48.562;14.440;2021-03-03T22:04:10;40.96;32.93;50.86;;
37223;Laerm;28026;48.562;14.440;2021-03-03T22:06:41;37.36;32.35;42.35;;
37223;Laerm;28026;48.562;14.440;2021-03-03T22:09:12;37.02;31.68;40.23;;
37223;Laerm;28026;48.562;14.440;2021-03-03T22:11:43;43.35;32.35;61.66;;
37223;Laerm;28026;48.562;14.440;2021-03-03T22:14:14;38.12;32.35;43.77;;
37223;Laerm;28026;48.562;14.440;2021-03-03T22:16:44;37.10;31.68;40.53;;
37223;Laerm;28026;48.562;14.440;2021-03-03T22:19:16;38.31;32.93;44.01;;
37223;Laerm;28026;48.562;14.440;2021-03-03T22:21:47;37.39;32.58;40.98;;
37223;Laerm;28026;48.562;14.440;2021-03-03T22:24:18;37.60;33.90;40.43;;
37223;Laerm;28026;48.562;14.440;2021-03-03T22:26:49;38.04;33.44;43.49;;
37223;Laerm;28026;48.562;14.440;2021-03-03T22:29:21;38.60;33.44;43.09;;
37223;Laerm;28026;48.562;14.440;2021-03-03T22:31:52;37.26;30.89;40.62;;
37223;Laerm;28026;48.562;14.440;2021-03-03T22:34:23;37.62;32.93;53.21;;
37223;Laerm;28026;48.562;14.440;2021-03-03T22:36:54;37.21;29.92;40.33;;
37223;Laerm;28026;48.562;14.440;2021-03-03T22:39:25;37.15;30.89;41.14;;
37223;Laerm;28026;48.562;14.440;2021-03-03T22:41:56;37.29;31.68;40.43;;
37223;Laerm;28026;48.562;14.440;2021-03-03T22:44:28;37.28;32.93;44.23;;
37223;Laerm;28026;48.562;14.440;2021-03-03T22:46:59;38.51;32.93;43.86;;
37223;Laerm;28026;48.562;14.440;2021-03-03T22:49:30;38.58;31.68;44.07;;
37223;Laerm;28026;48.562;14.440;2021-03-03T22:52:00;38.09;33.44;44.03;;
37223;Laerm;28026;48.562;14.440;2021-03-03T22:54:31;37.58;32.35;43.54;;
37223;Laerm;28026;48.562;14.440;2021-03-03T22:57:03;37.92;33.44;40.89;;
37223;Laerm;28026;48.562;14.440;2021-03-03T22:59:34;38.05;32.35;43.24;;
37223;Laerm;28026;48.562;14.440;2021-03-03T23:02:05;36.89;31.68;39.81;;
37223;Laerm;28026;48.562;14.440;2021-03-03T23:04:36;36.90;29.92;40.13;;
37223;Laerm;28026;48.562;14.440;2021-03-03T23:07:08;37.02;31.68;40.13;;
37223;Laerm;28026;48.562;14.440;2021-03-03T23:09:39;38.70;33.44;50.13;;
37223;Laerm;28026;48.562;14.440;2021-03-03T23:12:10;37.44;31.68;41.22;;
37223;Laerm;28026;48.562;14.440;2021-03-03T23:14:41;37.30;31.68;41.46;;
37223;Laerm;28026;48.562;14.440;2021-03-03T23:17:12;37.16;32.35;42.29;;
37223;Laerm;28026;48.562;14.440;2021-03-03T23:19:43;38.59;31.68;48.83;;
37223;Laerm;28026;48.562;14.440;2021-03-03T23:22:14;38.47;32.35;41.82;;
37223;Laerm;28026;48.562;14.440;2021-03-03T23:24:45;39.37;32.93;47.48;;
37223;Laerm;28026;48.562;14.440;2021-03-03T23:27:16;37.01;30.89;39.81;;
37223;Laerm;28026;48.562;14.440;2021-03-03T23:29:47;36.95;31.68;40.33;;
37223;Laerm;28026;48.562;14.440;2021-03-03T23:32:18;39.19;32.35;46.52;;
37223;Laerm;28026;48.562;14.440;2021-03-03T23:34:49;38.52;32.35;48.34;;
37223;Laerm;28026;48.562;14.440;2021-03-03T23:37:21;37.80;31.68;43.44;;
37223;Laerm;28026;48.562;14.440;2021-03-03T23:39:52;38.62;31.68;49.95;;
37223;Laerm;28026;48.562;14.440;2021-03-03T23:42:23;42.51;33.90;54.03;;
37223;Laerm;28026;48.562;14.440;2021-03-03T23:44:53;37.18;32.93;40.98;;
37223;Laerm;28026;48.562;14.440;2021-03-03T23:47:24;37.47;31.68;40.53;;
37223;Laerm;28026;48.562;14.440;2021-03-03T23:49:55;36.95;32.35;40.03;;
37223;Laerm;28026;48.562;14.440;2021-03-03T23:52:26;36.97;31.68;39.70;;
37223;Laerm;28026;48.562;14.440;2021-03-03T23:54:57;36.89;30.89;39.70;;
37223;Laerm;28026;48.562;14.440;2021-03-03T23:57:28;37.10;32.35;40.13;;
37223;Laerm;28026;48.562;14.440;2021-03-03T23:59:59;37.22;32.93;41.06;;
